"","...1","TEAM_NAME","TEAM_ID","GAME_ID","GAME_DATE","MATCHUP","game_number","version","OPP_NAME","matchup_start","round","matchup_full","TEAM_COLOR","OPP_COLOR","season"
"1",1,"Atlanta Hawks",1610612737,"0042200111",2023-04-15,"ATL vs. BOS","Game 1","Thu Apr 24 23:18:43","Boston Celtics",2023-04-15,1,"Round 1: ATL vs. BOS, Game 1","#E03A3E","#007A33","2022-23"
"2",2,"Atlanta Hawks",1610612737,"0042200112",2023-04-18,"ATL vs. BOS","Game 2","Thu Apr 24 23:18:43","Boston Celtics",2023-04-15,1,"Round 1: ATL vs. BOS, Game 2","#E03A3E","#007A33","2022-23"
"3",3,"Atlanta Hawks",1610612737,"0042200113",2023-04-21,"ATL vs. BOS","Game 3","Thu Apr 24 23:18:43","Boston Celtics",2023-04-15,1,"Round 1: ATL vs. BOS, Game 3","#E03A3E","#007A33","2022-23"
"4",4,"Atlanta Hawks",1610612737,"0042200114",2023-04-23,"ATL vs. BOS","Game 4","Thu Apr 24 23:18:43","Boston Celtics",2023-04-15,1,"Round 1: ATL vs. BOS, Game 4","#E03A3E","#007A33","2022-23"
"5",5,"Atlanta Hawks",1610612737,"0042200115",2023-04-25,"ATL vs. BOS","Game 5","Thu Apr 24 23:18:43","Boston Celtics",2023-04-15,1,"Round 1: ATL vs. BOS, Game 5","#E03A3E","#007A33","2022-23"
"6",6,"Atlanta Hawks",1610612737,"0042200116",2023-04-27,"ATL vs. BOS","Game 6","Thu Apr 24 23:18:43","Boston Celtics",2023-04-15,1,"Round 1: ATL vs. BOS, Game 6","#E03A3E","#007A33","2022-23"
"7",7,"Boston Celtics",1610612738,"0042200111",2023-04-15,"BOS vs. ATL","Game 1","Thu Apr 24 23:18:43","Atlanta Hawks",2023-04-15,1,"Round 1: BOS vs. ATL, Game 1","#007A33","#E03A3E","2022-23"
"8",8,"Boston Celtics",1610612738,"0042200112",2023-04-18,"BOS vs. ATL","Game 2","Thu Apr 24 23:18:43","Atlanta Hawks",2023-04-15,1,"Round 1: BOS vs. ATL, Game 2","#007A33","#E03A3E","2022-23"
"9",9,"Boston Celtics",1610612738,"0042200113",2023-04-21,"BOS vs. ATL","Game 3","Thu Apr 24 23:18:43","Atlanta Hawks",2023-04-15,1,"Round 1: BOS vs. ATL, Game 3","#007A33","#E03A3E","2022-23"
"10",10,"Boston Celtics",1610612738,"0042200114",2023-04-23,"BOS vs. ATL","Game 4","Thu Apr 24 23:18:43","Atlanta Hawks",2023-04-15,1,"Round 1: BOS vs. ATL, Game 4","#007A33","#E03A3E","2022-23"
"11",11,"Boston Celtics",1610612738,"0042200115",2023-04-25,"BOS vs. ATL","Game 5","Thu Apr 24 23:18:43","Atlanta Hawks",2023-04-15,1,"Round 1: BOS vs. ATL, Game 5","#007A33","#E03A3E","2022-23"
"12",12,"Boston Celtics",1610612738,"0042200116",2023-04-27,"BOS vs. ATL","Game 6","Thu Apr 24 23:18:43","Atlanta Hawks",2023-04-15,1,"Round 1: BOS vs. ATL, Game 6","#007A33","#E03A3E","2022-23"
"13",13,"Boston Celtics",1610612738,"0042200211",2023-05-01,"BOS vs. PHI","Game 1","Thu Apr 24 23:18:43","Philadelphia 76ers",2023-05-01,2,"Round 2: BOS vs. PHI, Game 1","#007A33","#006BB6","2022-23"
"14",14,"Boston Celtics",1610612738,"0042200212",2023-05-03,"BOS vs. PHI","Game 2","Thu Apr 24 23:18:43","Philadelphia 76ers",2023-05-01,2,"Round 2: BOS vs. PHI, Game 2","#007A33","#006BB6","2022-23"
"15",15,"Boston Celtics",1610612738,"0042200213",2023-05-05,"BOS vs. PHI","Game 3","Thu Apr 24 23:18:43","Philadelphia 76ers",2023-05-01,2,"Round 2: BOS vs. PHI, Game 3","#007A33","#006BB6","2022-23"
"16",16,"Boston Celtics",1610612738,"0042200214",2023-05-07,"BOS vs. PHI","Game 4","Thu Apr 24 23:18:43","Philadelphia 76ers",2023-05-01,2,"Round 2: BOS vs. PHI, Game 4","#007A33","#006BB6","2022-23"
"17",17,"Boston Celtics",1610612738,"0042200215",2023-05-09,"BOS vs. PHI","Game 5","Thu Apr 24 23:18:43","Philadelphia 76ers",2023-05-01,2,"Round 2: BOS vs. PHI, Game 5","#007A33","#006BB6","2022-23"
"18",18,"Boston Celtics",1610612738,"0042200216",2023-05-11,"BOS vs. PHI","Game 6","Thu Apr 24 23:18:43","Philadelphia 76ers",2023-05-01,2,"Round 2: BOS vs. PHI, Game 6","#007A33","#006BB6","2022-23"
"19",19,"Boston Celtics",1610612738,"0042200217",2023-05-14,"BOS vs. PHI","Game 7","Thu Apr 24 23:18:43","Philadelphia 76ers",2023-05-01,2,"Round 2: BOS vs. PHI, Game 7","#007A33","#006BB6","2022-23"
"20",20,"Boston Celtics",1610612738,"0042200301",2023-05-17,"BOS vs. MIA","Game 1","Thu Apr 24 23:18:43","Miami Heat",2023-05-17,3,"Round 3: BOS vs. MIA, Game 1","#007A33","#98002E","2022-23"
"21",21,"Boston Celtics",1610612738,"0042200302",2023-05-19,"BOS vs. MIA","Game 2","Thu Apr 24 23:18:43","Miami Heat",2023-05-17,3,"Round 3: BOS vs. MIA, Game 2","#007A33","#98002E","2022-23"
"22",22,"Boston Celtics",1610612738,"0042200303",2023-05-21,"BOS vs. MIA","Game 3","Thu Apr 24 23:18:43","Miami Heat",2023-05-17,3,"Round 3: BOS vs. MIA, Game 3","#007A33","#98002E","2022-23"
"23",23,"Boston Celtics",1610612738,"0042200304",2023-05-23,"BOS vs. MIA","Game 4","Thu Apr 24 23:18:43","Miami Heat",2023-05-17,3,"Round 3: BOS vs. MIA, Game 4","#007A33","#98002E","2022-23"
"24",24,"Boston Celtics",1610612738,"0042200305",2023-05-25,"BOS vs. MIA","Game 5","Thu Apr 24 23:18:43","Miami Heat",2023-05-17,3,"Round 3: BOS vs. MIA, Game 5","#007A33","#98002E","2022-23"
"25",25,"Boston Celtics",1610612738,"0042200306",2023-05-27,"BOS vs. MIA","Game 6","Thu Apr 24 23:18:43","Miami Heat",2023-05-17,3,"Round 3: BOS vs. MIA, Game 6","#007A33","#98002E","2022-23"
"26",26,"Boston Celtics",1610612738,"0042200307",2023-05-29,"BOS vs. MIA","Game 7","Thu Apr 24 23:18:43","Miami Heat",2023-05-17,3,"Round 3: BOS vs. MIA, Game 7","#007A33","#98002E","2022-23"
"27",27,"Brooklyn Nets",1610612751,"0042200121",2023-04-15,"BKN vs. PHI","Game 1","Thu Apr 24 23:18:43","Philadelphia 76ers",2023-04-15,1,"Round 1: BKN vs. PHI, Game 1","#000000","#006BB6","2022-23"
"28",28,"Brooklyn Nets",1610612751,"0042200122",2023-04-17,"BKN vs. PHI","Game 2","Thu Apr 24 23:18:43","Philadelphia 76ers",2023-04-15,1,"Round 1: BKN vs. PHI, Game 2","#000000","#006BB6","2022-23"
"29",29,"Brooklyn Nets",1610612751,"0042200123",2023-04-20,"BKN vs. PHI","Game 3","Thu Apr 24 23:18:43","Philadelphia 76ers",2023-04-15,1,"Round 1: BKN vs. PHI, Game 3","#000000","#006BB6","2022-23"
"30",30,"Brooklyn Nets",1610612751,"0042200124",2023-04-22,"BKN vs. PHI","Game 4","Thu Apr 24 23:18:43","Philadelphia 76ers",2023-04-15,1,"Round 1: BKN vs. PHI, Game 4","#000000","#006BB6","2022-23"
"31",31,"Cleveland Cavaliers",1610612739,"0042200131",2023-04-15,"CLE vs. NYK","Game 1","Thu Apr 24 23:18:43","New York Knicks",2023-04-15,1,"Round 1: CLE vs. NYK, Game 1","#860038","#006BB6","2022-23"
"32",32,"Cleveland Cavaliers",1610612739,"0042200132",2023-04-18,"CLE vs. NYK","Game 2","Thu Apr 24 23:18:43","New York Knicks",2023-04-15,1,"Round 1: CLE vs. NYK, Game 2","#860038","#006BB6","2022-23"
"33",33,"Cleveland Cavaliers",1610612739,"0042200133",2023-04-21,"CLE vs. NYK","Game 3","Thu Apr 24 23:18:43","New York Knicks",2023-04-15,1,"Round 1: CLE vs. NYK, Game 3","#860038","#006BB6","2022-23"
"34",34,"Cleveland Cavaliers",1610612739,"0042200134",2023-04-23,"CLE vs. NYK","Game 4","Thu Apr 24 23:18:43","New York Knicks",2023-04-15,1,"Round 1: CLE vs. NYK, Game 4","#860038","#006BB6","2022-23"
"35",35,"Cleveland Cavaliers",1610612739,"0042200135",2023-04-26,"CLE vs. NYK","Game 5","Thu Apr 24 23:18:43","New York Knicks",2023-04-15,1,"Round 1: CLE vs. NYK, Game 5","#860038","#006BB6","2022-23"
"36",36,"Denver Nuggets",1610612743,"0042200141",2023-04-16,"DEN vs. MIN","Game 1","Thu Apr 24 23:18:43","Minnesota Timberwolves",2023-04-16,1,"Round 1: DEN vs. MIN, Game 1","#0E2240","#236192","2022-23"
"37",37,"Denver Nuggets",1610612743,"0042200142",2023-04-19,"DEN vs. MIN","Game 2","Thu Apr 24 23:18:43","Minnesota Timberwolves",2023-04-16,1,"Round 1: DEN vs. MIN, Game 2","#0E2240","#236192","2022-23"
"38",38,"Denver Nuggets",1610612743,"0042200143",2023-04-21,"DEN vs. MIN","Game 3","Thu Apr 24 23:18:43","Minnesota Timberwolves",2023-04-16,1,"Round 1: DEN vs. MIN, Game 3","#0E2240","#236192","2022-23"
"39",39,"Denver Nuggets",1610612743,"0042200144",2023-04-23,"DEN vs. MIN","Game 4","Thu Apr 24 23:18:43","Minnesota Timberwolves",2023-04-16,1,"Round 1: DEN vs. MIN, Game 4","#0E2240","#236192","2022-23"
"40",40,"Denver Nuggets",1610612743,"0042200145",2023-04-25,"DEN vs. MIN","Game 5","Thu Apr 24 23:18:43","Minnesota Timberwolves",2023-04-16,1,"Round 1: DEN vs. MIN, Game 5","#0E2240","#236192","2022-23"
"41",41,"Denver Nuggets",1610612743,"0042200221",2023-04-29,"DEN vs. PHX","Game 1","Thu Apr 24 23:18:43","Phoenix Suns",2023-04-29,2,"Round 2: DEN vs. PHX, Game 1","#0E2240","#1D1160","2022-23"
"42",42,"Denver Nuggets",1610612743,"0042200222",2023-05-01,"DEN vs. PHX","Game 2","Thu Apr 24 23:18:43","Phoenix Suns",2023-04-29,2,"Round 2: DEN vs. PHX, Game 2","#0E2240","#1D1160","2022-23"
"43",43,"Denver Nuggets",1610612743,"0042200223",2023-05-05,"DEN vs. PHX","Game 3","Thu Apr 24 23:18:43","Phoenix Suns",2023-04-29,2,"Round 2: DEN vs. PHX, Game 3","#0E2240","#1D1160","2022-23"
"44",44,"Denver Nuggets",1610612743,"0042200224",2023-05-07,"DEN vs. PHX","Game 4","Thu Apr 24 23:18:43","Phoenix Suns",2023-04-29,2,"Round 2: DEN vs. PHX, Game 4","#0E2240","#1D1160","2022-23"
"45",45,"Denver Nuggets",1610612743,"0042200225",2023-05-09,"DEN vs. PHX","Game 5","Thu Apr 24 23:18:43","Phoenix Suns",2023-04-29,2,"Round 2: DEN vs. PHX, Game 5","#0E2240","#1D1160","2022-23"
"46",46,"Denver Nuggets",1610612743,"0042200226",2023-05-11,"DEN vs. PHX","Game 6","Thu Apr 24 23:18:43","Phoenix Suns",2023-04-29,2,"Round 2: DEN vs. PHX, Game 6","#0E2240","#1D1160","2022-23"
"47",47,"Denver Nuggets",1610612743,"0042200311",2023-05-16,"DEN vs. LAL","Game 1","Thu Apr 24 23:18:43","Los Angeles Lakers",2023-05-16,3,"Round 3: DEN vs. LAL, Game 1","#0E2240","#552583","2022-23"
"48",48,"Denver Nuggets",1610612743,"0042200312",2023-05-18,"DEN vs. LAL","Game 2","Thu Apr 24 23:18:43","Los Angeles Lakers",2023-05-16,3,"Round 3: DEN vs. LAL, Game 2","#0E2240","#552583","2022-23"
"49",49,"Denver Nuggets",1610612743,"0042200313",2023-05-20,"DEN vs. LAL","Game 3","Thu Apr 24 23:18:43","Los Angeles Lakers",2023-05-16,3,"Round 3: DEN vs. LAL, Game 3","#0E2240","#552583","2022-23"
"50",50,"Denver Nuggets",1610612743,"0042200314",2023-05-22,"DEN vs. LAL","Game 4","Thu Apr 24 23:18:43","Los Angeles Lakers",2023-05-16,3,"Round 3: DEN vs. LAL, Game 4","#0E2240","#552583","2022-23"
"51",51,"Denver Nuggets",1610612743,"0042200401",2023-06-01,"DEN vs. MIA","Game 1","Thu Apr 24 23:18:43","Miami Heat",2023-06-01,4,"Round 4: DEN vs. MIA, Game 1","#0E2240","#98002E","2022-23"
"52",52,"Denver Nuggets",1610612743,"0042200402",2023-06-04,"DEN vs. MIA","Game 2","Thu Apr 24 23:18:43","Miami Heat",2023-06-01,4,"Round 4: DEN vs. MIA, Game 2","#0E2240","#98002E","2022-23"
"53",53,"Denver Nuggets",1610612743,"0042200403",2023-06-07,"DEN vs. MIA","Game 3","Thu Apr 24 23:18:43","Miami Heat",2023-06-01,4,"Round 4: DEN vs. MIA, Game 3","#0E2240","#98002E","2022-23"
"54",54,"Denver Nuggets",1610612743,"0042200404",2023-06-09,"DEN vs. MIA","Game 4","Thu Apr 24 23:18:43","Miami Heat",2023-06-01,4,"Round 4: DEN vs. MIA, Game 4","#0E2240","#98002E","2022-23"
"55",55,"Denver Nuggets",1610612743,"0042200405",2023-06-12,"DEN vs. MIA","Game 5","Thu Apr 24 23:18:43","Miami Heat",2023-06-01,4,"Round 4: DEN vs. MIA, Game 5","#0E2240","#98002E","2022-23"
"56",56,"Golden State Warriors",1610612744,"0042200161",2023-04-15,"GSW vs. SAC","Game 1","Thu Apr 24 23:18:43","Sacramento Kings",2023-04-15,1,"Round 1: GSW vs. SAC, Game 1","#1D428A","#5A2D81","2022-23"
"57",57,"Golden State Warriors",1610612744,"0042200162",2023-04-17,"GSW vs. SAC","Game 2","Thu Apr 24 23:18:43","Sacramento Kings",2023-04-15,1,"Round 1: GSW vs. SAC, Game 2","#1D428A","#5A2D81","2022-23"
"58",58,"Golden State Warriors",1610612744,"0042200163",2023-04-20,"GSW vs. SAC","Game 3","Thu Apr 24 23:18:43","Sacramento Kings",2023-04-15,1,"Round 1: GSW vs. SAC, Game 3","#1D428A","#5A2D81","2022-23"
"59",59,"Golden State Warriors",1610612744,"0042200164",2023-04-23,"GSW vs. SAC","Game 4","Thu Apr 24 23:18:43","Sacramento Kings",2023-04-15,1,"Round 1: GSW vs. SAC, Game 4","#1D428A","#5A2D81","2022-23"
"60",60,"Golden State Warriors",1610612744,"0042200165",2023-04-26,"GSW vs. SAC","Game 5","Thu Apr 24 23:18:43","Sacramento Kings",2023-04-15,1,"Round 1: GSW vs. SAC, Game 5","#1D428A","#5A2D81","2022-23"
"61",61,"Golden State Warriors",1610612744,"0042200166",2023-04-28,"GSW vs. SAC","Game 6","Thu Apr 24 23:18:43","Sacramento Kings",2023-04-15,1,"Round 1: GSW vs. SAC, Game 6","#1D428A","#5A2D81","2022-23"
"62",62,"Golden State Warriors",1610612744,"0042200167",2023-04-30,"GSW vs. SAC","Game 7","Thu Apr 24 23:18:43","Sacramento Kings",2023-04-15,1,"Round 1: GSW vs. SAC, Game 7","#1D428A","#5A2D81","2022-23"
"63",63,"Golden State Warriors",1610612744,"0042200231",2023-05-02,"GSW vs. LAL","Game 1","Thu Apr 24 23:18:43","Los Angeles Lakers",2023-05-02,2,"Round 2: GSW vs. LAL, Game 1","#1D428A","#552583","2022-23"
"64",64,"Golden State Warriors",1610612744,"0042200232",2023-05-04,"GSW vs. LAL","Game 2","Thu Apr 24 23:18:43","Los Angeles Lakers",2023-05-02,2,"Round 2: GSW vs. LAL, Game 2","#1D428A","#552583","2022-23"
"65",65,"Golden State Warriors",1610612744,"0042200233",2023-05-06,"GSW vs. LAL","Game 3","Thu Apr 24 23:18:43","Los Angeles Lakers",2023-05-02,2,"Round 2: GSW vs. LAL, Game 3","#1D428A","#552583","2022-23"
"66",66,"Golden State Warriors",1610612744,"0042200234",2023-05-08,"GSW vs. LAL","Game 4","Thu Apr 24 23:18:43","Los Angeles Lakers",2023-05-02,2,"Round 2: GSW vs. LAL, Game 4","#1D428A","#552583","2022-23"
"67",67,"Golden State Warriors",1610612744,"0042200235",2023-05-10,"GSW vs. LAL","Game 5","Thu Apr 24 23:18:43","Los Angeles Lakers",2023-05-02,2,"Round 2: GSW vs. LAL, Game 5","#1D428A","#552583","2022-23"
"68",68,"Golden State Warriors",1610612744,"0042200236",2023-05-12,"GSW vs. LAL","Game 6","Thu Apr 24 23:18:43","Los Angeles Lakers",2023-05-02,2,"Round 2: GSW vs. LAL, Game 6","#1D428A","#552583","2022-23"
"69",69,"LA Clippers",1610612746,"0042200171",2023-04-16,"LAC vs. PHX","Game 1","Thu Apr 24 23:18:43","Phoenix Suns",2023-04-16,1,"Round 1: LAC vs. PHX, Game 1","#5D76A9","#1D1160","2022-23"
"70",70,"LA Clippers",1610612746,"0042200172",2023-04-18,"LAC vs. PHX","Game 2","Thu Apr 24 23:18:43","Phoenix Suns",2023-04-16,1,"Round 1: LAC vs. PHX, Game 2","#5D76A9","#1D1160","2022-23"
"71",71,"LA Clippers",1610612746,"0042200173",2023-04-20,"LAC vs. PHX","Game 3","Thu Apr 24 23:18:43","Phoenix Suns",2023-04-16,1,"Round 1: LAC vs. PHX, Game 3","#5D76A9","#1D1160","2022-23"
"72",72,"LA Clippers",1610612746,"0042200174",2023-04-22,"LAC vs. PHX","Game 4","Thu Apr 24 23:18:43","Phoenix Suns",2023-04-16,1,"Round 1: LAC vs. PHX, Game 4","#5D76A9","#1D1160","2022-23"
"73",73,"LA Clippers",1610612746,"0042200175",2023-04-25,"LAC vs. PHX","Game 5","Thu Apr 24 23:18:43","Phoenix Suns",2023-04-16,1,"Round 1: LAC vs. PHX, Game 5","#5D76A9","#1D1160","2022-23"
"74",74,"Los Angeles Lakers",1610612747,"0042200151",2023-04-16,"LAL vs. MEM","Game 1","Thu Apr 24 23:18:43","Memphis Grizzlies",2023-04-16,1,"Round 1: LAL vs. MEM, Game 1","#552583","#5D76A9","2022-23"
"75",75,"Los Angeles Lakers",1610612747,"0042200152",2023-04-19,"LAL vs. MEM","Game 2","Thu Apr 24 23:18:43","Memphis Grizzlies",2023-04-16,1,"Round 1: LAL vs. MEM, Game 2","#552583","#5D76A9","2022-23"
"76",76,"Los Angeles Lakers",1610612747,"0042200153",2023-04-22,"LAL vs. MEM","Game 3","Thu Apr 24 23:18:43","Memphis Grizzlies",2023-04-16,1,"Round 1: LAL vs. MEM, Game 3","#552583","#5D76A9","2022-23"
"77",77,"Los Angeles Lakers",1610612747,"0042200154",2023-04-24,"LAL vs. MEM","Game 4","Thu Apr 24 23:18:43","Memphis Grizzlies",2023-04-16,1,"Round 1: LAL vs. MEM, Game 4","#552583","#5D76A9","2022-23"
"78",78,"Los Angeles Lakers",1610612747,"0042200155",2023-04-26,"LAL vs. MEM","Game 5","Thu Apr 24 23:18:43","Memphis Grizzlies",2023-04-16,1,"Round 1: LAL vs. MEM, Game 5","#552583","#5D76A9","2022-23"
"79",79,"Los Angeles Lakers",1610612747,"0042200156",2023-04-28,"LAL vs. MEM","Game 6","Thu Apr 24 23:18:43","Memphis Grizzlies",2023-04-16,1,"Round 1: LAL vs. MEM, Game 6","#552583","#5D76A9","2022-23"
"80",80,"Los Angeles Lakers",1610612747,"0042200231",2023-05-02,"LAL vs. GSW","Game 1","Thu Apr 24 23:18:43","Golden State Warriors",2023-05-02,2,"Round 2: LAL vs. GSW, Game 1","#552583","#1D428A","2022-23"
"81",81,"Los Angeles Lakers",1610612747,"0042200232",2023-05-04,"LAL vs. GSW","Game 2","Thu Apr 24 23:18:43","Golden State Warriors",2023-05-02,2,"Round 2: LAL vs. GSW, Game 2","#552583","#1D428A","2022-23"
"82",82,"Los Angeles Lakers",1610612747,"0042200233",2023-05-06,"LAL vs. GSW","Game 3","Thu Apr 24 23:18:43","Golden State Warriors",2023-05-02,2,"Round 2: LAL vs. GSW, Game 3","#552583","#1D428A","2022-23"
"83",83,"Los Angeles Lakers",1610612747,"0042200234",2023-05-08,"LAL vs. GSW","Game 4","Thu Apr 24 23:18:43","Golden State Warriors",2023-05-02,2,"Round 2: LAL vs. GSW, Game 4","#552583","#1D428A","2022-23"
"84",84,"Los Angeles Lakers",1610612747,"0042200235",2023-05-10,"LAL vs. GSW","Game 5","Thu Apr 24 23:18:43","Golden State Warriors",2023-05-02,2,"Round 2: LAL vs. GSW, Game 5","#552583","#1D428A","2022-23"
"85",85,"Los Angeles Lakers",1610612747,"0042200236",2023-05-12,"LAL vs. GSW","Game 6","Thu Apr 24 23:18:43","Golden State Warriors",2023-05-02,2,"Round 2: LAL vs. GSW, Game 6","#552583","#1D428A","2022-23"
"86",86,"Los Angeles Lakers",1610612747,"0042200311",2023-05-16,"LAL vs. DEN","Game 1","Thu Apr 24 23:18:43","Denver Nuggets",2023-05-16,3,"Round 3: LAL vs. DEN, Game 1","#552583","#0E2240","2022-23"
"87",87,"Los Angeles Lakers",1610612747,"0042200312",2023-05-18,"LAL vs. DEN","Game 2","Thu Apr 24 23:18:43","Denver Nuggets",2023-05-16,3,"Round 3: LAL vs. DEN, Game 2","#552583","#0E2240","2022-23"
"88",88,"Los Angeles Lakers",1610612747,"0042200313",2023-05-20,"LAL vs. DEN","Game 3","Thu Apr 24 23:18:43","Denver Nuggets",2023-05-16,3,"Round 3: LAL vs. DEN, Game 3","#552583","#0E2240","2022-23"
"89",89,"Los Angeles Lakers",1610612747,"0042200314",2023-05-22,"LAL vs. DEN","Game 4","Thu Apr 24 23:18:43","Denver Nuggets",2023-05-16,3,"Round 3: LAL vs. DEN, Game 4","#552583","#0E2240","2022-23"
"90",90,"Memphis Grizzlies",1610612763,"0042200151",2023-04-16,"MEM vs. LAL","Game 1","Thu Apr 24 23:18:43","Los Angeles Lakers",2023-04-16,1,"Round 1: MEM vs. LAL, Game 1","#5D76A9","#552583","2022-23"
"91",91,"Memphis Grizzlies",1610612763,"0042200152",2023-04-19,"MEM vs. LAL","Game 2","Thu Apr 24 23:18:43","Los Angeles Lakers",2023-04-16,1,"Round 1: MEM vs. LAL, Game 2","#5D76A9","#552583","2022-23"
"92",92,"Memphis Grizzlies",1610612763,"0042200153",2023-04-22,"MEM vs. LAL","Game 3","Thu Apr 24 23:18:43","Los Angeles Lakers",2023-04-16,1,"Round 1: MEM vs. LAL, Game 3","#5D76A9","#552583","2022-23"
"93",93,"Memphis Grizzlies",1610612763,"0042200154",2023-04-24,"MEM vs. LAL","Game 4","Thu Apr 24 23:18:43","Los Angeles Lakers",2023-04-16,1,"Round 1: MEM vs. LAL, Game 4","#5D76A9","#552583","2022-23"
"94",94,"Memphis Grizzlies",1610612763,"0042200155",2023-04-26,"MEM vs. LAL","Game 5","Thu Apr 24 23:18:43","Los Angeles Lakers",2023-04-16,1,"Round 1: MEM vs. LAL, Game 5","#5D76A9","#552583","2022-23"
"95",95,"Memphis Grizzlies",1610612763,"0042200156",2023-04-28,"MEM vs. LAL","Game 6","Thu Apr 24 23:18:43","Los Angeles Lakers",2023-04-16,1,"Round 1: MEM vs. LAL, Game 6","#5D76A9","#552583","2022-23"
"96",96,"Miami Heat",1610612748,"0042200101",2023-04-16,"MIA vs. MIL","Game 1","Thu Apr 24 23:18:43","Milwaukee Bucks",2023-04-16,1,"Round 1: MIA vs. MIL, Game 1","#98002E","#00471B","2022-23"
"97",97,"Miami Heat",1610612748,"0042200102",2023-04-19,"MIA vs. MIL","Game 2","Thu Apr 24 23:18:43","Milwaukee Bucks",2023-04-16,1,"Round 1: MIA vs. MIL, Game 2","#98002E","#00471B","2022-23"
"98",98,"Miami Heat",1610612748,"0042200103",2023-04-22,"MIA vs. MIL","Game 3","Thu Apr 24 23:18:43","Milwaukee Bucks",2023-04-16,1,"Round 1: MIA vs. MIL, Game 3","#98002E","#00471B","2022-23"
"99",99,"Miami Heat",1610612748,"0042200104",2023-04-24,"MIA vs. MIL","Game 4","Thu Apr 24 23:18:43","Milwaukee Bucks",2023-04-16,1,"Round 1: MIA vs. MIL, Game 4","#98002E","#00471B","2022-23"
"100",100,"Miami Heat",1610612748,"0042200105",2023-04-26,"MIA vs. MIL","Game 5","Thu Apr 24 23:18:43","Milwaukee Bucks",2023-04-16,1,"Round 1: MIA vs. MIL, Game 5","#98002E","#00471B","2022-23"
"101",101,"Miami Heat",1610612748,"0042200201",2023-04-30,"MIA vs. NYK","Game 1","Thu Apr 24 23:18:43","New York Knicks",2023-04-30,2,"Round 2: MIA vs. NYK, Game 1","#98002E","#006BB6","2022-23"
"102",102,"Miami Heat",1610612748,"0042200202",2023-05-02,"MIA vs. NYK","Game 2","Thu Apr 24 23:18:43","New York Knicks",2023-04-30,2,"Round 2: MIA vs. NYK, Game 2","#98002E","#006BB6","2022-23"
"103",103,"Miami Heat",1610612748,"0042200203",2023-05-06,"MIA vs. NYK","Game 3","Thu Apr 24 23:18:43","New York Knicks",2023-04-30,2,"Round 2: MIA vs. NYK, Game 3","#98002E","#006BB6","2022-23"
"104",104,"Miami Heat",1610612748,"0042200204",2023-05-08,"MIA vs. NYK","Game 4","Thu Apr 24 23:18:43","New York Knicks",2023-04-30,2,"Round 2: MIA vs. NYK, Game 4","#98002E","#006BB6","2022-23"
"105",105,"Miami Heat",1610612748,"0042200205",2023-05-10,"MIA vs. NYK","Game 5","Thu Apr 24 23:18:43","New York Knicks",2023-04-30,2,"Round 2: MIA vs. NYK, Game 5","#98002E","#006BB6","2022-23"
"106",106,"Miami Heat",1610612748,"0042200206",2023-05-12,"MIA vs. NYK","Game 6","Thu Apr 24 23:18:43","New York Knicks",2023-04-30,2,"Round 2: MIA vs. NYK, Game 6","#98002E","#006BB6","2022-23"
"107",107,"Miami Heat",1610612748,"0042200301",2023-05-17,"MIA vs. BOS","Game 1","Thu Apr 24 23:18:43","Boston Celtics",2023-05-17,3,"Round 3: MIA vs. BOS, Game 1","#98002E","#007A33","2022-23"
"108",108,"Miami Heat",1610612748,"0042200302",2023-05-19,"MIA vs. BOS","Game 2","Thu Apr 24 23:18:43","Boston Celtics",2023-05-17,3,"Round 3: MIA vs. BOS, Game 2","#98002E","#007A33","2022-23"
"109",109,"Miami Heat",1610612748,"0042200303",2023-05-21,"MIA vs. BOS","Game 3","Thu Apr 24 23:18:43","Boston Celtics",2023-05-17,3,"Round 3: MIA vs. BOS, Game 3","#98002E","#007A33","2022-23"
"110",110,"Miami Heat",1610612748,"0042200304",2023-05-23,"MIA vs. BOS","Game 4","Thu Apr 24 23:18:43","Boston Celtics",2023-05-17,3,"Round 3: MIA vs. BOS, Game 4","#98002E","#007A33","2022-23"
"111",111,"Miami Heat",1610612748,"0042200305",2023-05-25,"MIA vs. BOS","Game 5","Thu Apr 24 23:18:43","Boston Celtics",2023-05-17,3,"Round 3: MIA vs. BOS, Game 5","#98002E","#007A33","2022-23"
"112",112,"Miami Heat",1610612748,"0042200306",2023-05-27,"MIA vs. BOS","Game 6","Thu Apr 24 23:18:43","Boston Celtics",2023-05-17,3,"Round 3: MIA vs. BOS, Game 6","#98002E","#007A33","2022-23"
"113",113,"Miami Heat",1610612748,"0042200307",2023-05-29,"MIA vs. BOS","Game 7","Thu Apr 24 23:18:43","Boston Celtics",2023-05-17,3,"Round 3: MIA vs. BOS, Game 7","#98002E","#007A33","2022-23"
"114",114,"Miami Heat",1610612748,"0042200401",2023-06-01,"MIA vs. DEN","Game 1","Thu Apr 24 23:18:43","Denver Nuggets",2023-06-01,4,"Round 4: MIA vs. DEN, Game 1","#98002E","#0E2240","2022-23"
"115",115,"Miami Heat",1610612748,"0042200402",2023-06-04,"MIA vs. DEN","Game 2","Thu Apr 24 23:18:43","Denver Nuggets",2023-06-01,4,"Round 4: MIA vs. DEN, Game 2","#98002E","#0E2240","2022-23"
"116",116,"Miami Heat",1610612748,"0042200403",2023-06-07,"MIA vs. DEN","Game 3","Thu Apr 24 23:18:43","Denver Nuggets",2023-06-01,4,"Round 4: MIA vs. DEN, Game 3","#98002E","#0E2240","2022-23"
"117",117,"Miami Heat",1610612748,"0042200404",2023-06-09,"MIA vs. DEN","Game 4","Thu Apr 24 23:18:43","Denver Nuggets",2023-06-01,4,"Round 4: MIA vs. DEN, Game 4","#98002E","#0E2240","2022-23"
"118",118,"Miami Heat",1610612748,"0042200405",2023-06-12,"MIA vs. DEN","Game 5","Thu Apr 24 23:18:43","Denver Nuggets",2023-06-01,4,"Round 4: MIA vs. DEN, Game 5","#98002E","#0E2240","2022-23"
"119",119,"Milwaukee Bucks",1610612749,"0042200101",2023-04-16,"MIL vs. MIA","Game 1","Thu Apr 24 23:18:43","Miami Heat",2023-04-16,1,"Round 1: MIL vs. MIA, Game 1","#00471B","#98002E","2022-23"
"120",120,"Milwaukee Bucks",1610612749,"0042200102",2023-04-19,"MIL vs. MIA","Game 2","Thu Apr 24 23:18:43","Miami Heat",2023-04-16,1,"Round 1: MIL vs. MIA, Game 2","#00471B","#98002E","2022-23"
"121",121,"Milwaukee Bucks",1610612749,"0042200103",2023-04-22,"MIL vs. MIA","Game 3","Thu Apr 24 23:18:43","Miami Heat",2023-04-16,1,"Round 1: MIL vs. MIA, Game 3","#00471B","#98002E","2022-23"
"122",122,"Milwaukee Bucks",1610612749,"0042200104",2023-04-24,"MIL vs. MIA","Game 4","Thu Apr 24 23:18:43","Miami Heat",2023-04-16,1,"Round 1: MIL vs. MIA, Game 4","#00471B","#98002E","2022-23"
"123",123,"Milwaukee Bucks",1610612749,"0042200105",2023-04-26,"MIL vs. MIA","Game 5","Thu Apr 24 23:18:43","Miami Heat",2023-04-16,1,"Round 1: MIL vs. MIA, Game 5","#00471B","#98002E","2022-23"
"124",124,"Minnesota Timberwolves",1610612750,"0042200141",2023-04-16,"MIN vs. DEN","Game 1","Thu Apr 24 23:18:43","Denver Nuggets",2023-04-16,1,"Round 1: MIN vs. DEN, Game 1","#236192","#0E2240","2022-23"
"125",125,"Minnesota Timberwolves",1610612750,"0042200142",2023-04-19,"MIN vs. DEN","Game 2","Thu Apr 24 23:18:43","Denver Nuggets",2023-04-16,1,"Round 1: MIN vs. DEN, Game 2","#236192","#0E2240","2022-23"
"126",126,"Minnesota Timberwolves",1610612750,"0042200143",2023-04-21,"MIN vs. DEN","Game 3","Thu Apr 24 23:18:43","Denver Nuggets",2023-04-16,1,"Round 1: MIN vs. DEN, Game 3","#236192","#0E2240","2022-23"
"127",127,"Minnesota Timberwolves",1610612750,"0042200144",2023-04-23,"MIN vs. DEN","Game 4","Thu Apr 24 23:18:43","Denver Nuggets",2023-04-16,1,"Round 1: MIN vs. DEN, Game 4","#236192","#0E2240","2022-23"
"128",128,"Minnesota Timberwolves",1610612750,"0042200145",2023-04-25,"MIN vs. DEN","Game 5","Thu Apr 24 23:18:43","Denver Nuggets",2023-04-16,1,"Round 1: MIN vs. DEN, Game 5","#236192","#0E2240","2022-23"
"129",129,"New York Knicks",1610612752,"0042200131",2023-04-15,"NYK vs. CLE","Game 1","Thu Apr 24 23:18:43","Cleveland Cavaliers",2023-04-15,1,"Round 1: NYK vs. CLE, Game 1","#006BB6","#860038","2022-23"
"130",130,"New York Knicks",1610612752,"0042200132",2023-04-18,"NYK vs. CLE","Game 2","Thu Apr 24 23:18:43","Cleveland Cavaliers",2023-04-15,1,"Round 1: NYK vs. CLE, Game 2","#006BB6","#860038","2022-23"
"131",131,"New York Knicks",1610612752,"0042200133",2023-04-21,"NYK vs. CLE","Game 3","Thu Apr 24 23:18:43","Cleveland Cavaliers",2023-04-15,1,"Round 1: NYK vs. CLE, Game 3","#006BB6","#860038","2022-23"
"132",132,"New York Knicks",1610612752,"0042200134",2023-04-23,"NYK vs. CLE","Game 4","Thu Apr 24 23:18:43","Cleveland Cavaliers",2023-04-15,1,"Round 1: NYK vs. CLE, Game 4","#006BB6","#860038","2022-23"
"133",133,"New York Knicks",1610612752,"0042200135",2023-04-26,"NYK vs. CLE","Game 5","Thu Apr 24 23:18:43","Cleveland Cavaliers",2023-04-15,1,"Round 1: NYK vs. CLE, Game 5","#006BB6","#860038","2022-23"
"134",134,"New York Knicks",1610612752,"0042200201",2023-04-30,"NYK vs. MIA","Game 1","Thu Apr 24 23:18:43","Miami Heat",2023-04-30,2,"Round 2: NYK vs. MIA, Game 1","#006BB6","#98002E","2022-23"
"135",135,"New York Knicks",1610612752,"0042200202",2023-05-02,"NYK vs. MIA","Game 2","Thu Apr 24 23:18:43","Miami Heat",2023-04-30,2,"Round 2: NYK vs. MIA, Game 2","#006BB6","#98002E","2022-23"
"136",136,"New York Knicks",1610612752,"0042200203",2023-05-06,"NYK vs. MIA","Game 3","Thu Apr 24 23:18:43","Miami Heat",2023-04-30,2,"Round 2: NYK vs. MIA, Game 3","#006BB6","#98002E","2022-23"
"137",137,"New York Knicks",1610612752,"0042200204",2023-05-08,"NYK vs. MIA","Game 4","Thu Apr 24 23:18:43","Miami Heat",2023-04-30,2,"Round 2: NYK vs. MIA, Game 4","#006BB6","#98002E","2022-23"
"138",138,"New York Knicks",1610612752,"0042200205",2023-05-10,"NYK vs. MIA","Game 5","Thu Apr 24 23:18:43","Miami Heat",2023-04-30,2,"Round 2: NYK vs. MIA, Game 5","#006BB6","#98002E","2022-23"
"139",139,"New York Knicks",1610612752,"0042200206",2023-05-12,"NYK vs. MIA","Game 6","Thu Apr 24 23:18:43","Miami Heat",2023-04-30,2,"Round 2: NYK vs. MIA, Game 6","#006BB6","#98002E","2022-23"
"140",140,"Philadelphia 76ers",1610612755,"0042200121",2023-04-15,"PHI vs. BKN","Game 1","Thu Apr 24 23:18:43","Brooklyn Nets",2023-04-15,1,"Round 1: PHI vs. BKN, Game 1","#006BB6","#000000","2022-23"
"141",141,"Philadelphia 76ers",1610612755,"0042200122",2023-04-17,"PHI vs. BKN","Game 2","Thu Apr 24 23:18:43","Brooklyn Nets",2023-04-15,1,"Round 1: PHI vs. BKN, Game 2","#006BB6","#000000","2022-23"
"142",142,"Philadelphia 76ers",1610612755,"0042200123",2023-04-20,"PHI vs. BKN","Game 3","Thu Apr 24 23:18:43","Brooklyn Nets",2023-04-15,1,"Round 1: PHI vs. BKN, Game 3","#006BB6","#000000","2022-23"
"143",143,"Philadelphia 76ers",1610612755,"0042200124",2023-04-22,"PHI vs. BKN","Game 4","Thu Apr 24 23:18:43","Brooklyn Nets",2023-04-15,1,"Round 1: PHI vs. BKN, Game 4","#006BB6","#000000","2022-23"
"144",144,"Philadelphia 76ers",1610612755,"0042200211",2023-05-01,"PHI vs. BOS","Game 1","Thu Apr 24 23:18:43","Boston Celtics",2023-05-01,2,"Round 2: PHI vs. BOS, Game 1","#006BB6","#007A33","2022-23"
"145",145,"Philadelphia 76ers",1610612755,"0042200212",2023-05-03,"PHI vs. BOS","Game 2","Thu Apr 24 23:18:43","Boston Celtics",2023-05-01,2,"Round 2: PHI vs. BOS, Game 2","#006BB6","#007A33","2022-23"
"146",146,"Philadelphia 76ers",1610612755,"0042200213",2023-05-05,"PHI vs. BOS","Game 3","Thu Apr 24 23:18:43","Boston Celtics",2023-05-01,2,"Round 2: PHI vs. BOS, Game 3","#006BB6","#007A33","2022-23"
"147",147,"Philadelphia 76ers",1610612755,"0042200214",2023-05-07,"PHI vs. BOS","Game 4","Thu Apr 24 23:18:43","Boston Celtics",2023-05-01,2,"Round 2: PHI vs. BOS, Game 4","#006BB6","#007A33","2022-23"
"148",148,"Philadelphia 76ers",1610612755,"0042200215",2023-05-09,"PHI vs. BOS","Game 5","Thu Apr 24 23:18:43","Boston Celtics",2023-05-01,2,"Round 2: PHI vs. BOS, Game 5","#006BB6","#007A33","2022-23"
"149",149,"Philadelphia 76ers",1610612755,"0042200216",2023-05-11,"PHI vs. BOS","Game 6","Thu Apr 24 23:18:43","Boston Celtics",2023-05-01,2,"Round 2: PHI vs. BOS, Game 6","#006BB6","#007A33","2022-23"
"150",150,"Philadelphia 76ers",1610612755,"0042200217",2023-05-14,"PHI vs. BOS","Game 7","Thu Apr 24 23:18:43","Boston Celtics",2023-05-01,2,"Round 2: PHI vs. BOS, Game 7","#006BB6","#007A33","2022-23"
"151",151,"Phoenix Suns",1610612756,"0042200171",2023-04-16,"PHX vs. LAC","Game 1","Thu Apr 24 23:18:43","LA Clippers",2023-04-16,1,"Round 1: PHX vs. LAC, Game 1","#1D1160","#5D76A9","2022-23"
"152",152,"Phoenix Suns",1610612756,"0042200172",2023-04-18,"PHX vs. LAC","Game 2","Thu Apr 24 23:18:43","LA Clippers",2023-04-16,1,"Round 1: PHX vs. LAC, Game 2","#1D1160","#5D76A9","2022-23"
"153",153,"Phoenix Suns",1610612756,"0042200173",2023-04-20,"PHX vs. LAC","Game 3","Thu Apr 24 23:18:43","LA Clippers",2023-04-16,1,"Round 1: PHX vs. LAC, Game 3","#1D1160","#5D76A9","2022-23"
"154",154,"Phoenix Suns",1610612756,"0042200174",2023-04-22,"PHX vs. LAC","Game 4","Thu Apr 24 23:18:43","LA Clippers",2023-04-16,1,"Round 1: PHX vs. LAC, Game 4","#1D1160","#5D76A9","2022-23"
"155",155,"Phoenix Suns",1610612756,"0042200175",2023-04-25,"PHX vs. LAC","Game 5","Thu Apr 24 23:18:43","LA Clippers",2023-04-16,1,"Round 1: PHX vs. LAC, Game 5","#1D1160","#5D76A9","2022-23"
"156",156,"Phoenix Suns",1610612756,"0042200221",2023-04-29,"PHX vs. DEN","Game 1","Thu Apr 24 23:18:43","Denver Nuggets",2023-04-29,2,"Round 2: PHX vs. DEN, Game 1","#1D1160","#0E2240","2022-23"
"157",157,"Phoenix Suns",1610612756,"0042200222",2023-05-01,"PHX vs. DEN","Game 2","Thu Apr 24 23:18:43","Denver Nuggets",2023-04-29,2,"Round 2: PHX vs. DEN, Game 2","#1D1160","#0E2240","2022-23"
"158",158,"Phoenix Suns",1610612756,"0042200223",2023-05-05,"PHX vs. DEN","Game 3","Thu Apr 24 23:18:43","Denver Nuggets",2023-04-29,2,"Round 2: PHX vs. DEN, Game 3","#1D1160","#0E2240","2022-23"
"159",159,"Phoenix Suns",1610612756,"0042200224",2023-05-07,"PHX vs. DEN","Game 4","Thu Apr 24 23:18:43","Denver Nuggets",2023-04-29,2,"Round 2: PHX vs. DEN, Game 4","#1D1160","#0E2240","2022-23"
"160",160,"Phoenix Suns",1610612756,"0042200225",2023-05-09,"PHX vs. DEN","Game 5","Thu Apr 24 23:18:43","Denver Nuggets",2023-04-29,2,"Round 2: PHX vs. DEN, Game 5","#1D1160","#0E2240","2022-23"
"161",161,"Phoenix Suns",1610612756,"0042200226",2023-05-11,"PHX vs. DEN","Game 6","Thu Apr 24 23:18:43","Denver Nuggets",2023-04-29,2,"Round 2: PHX vs. DEN, Game 6","#1D1160","#0E2240","2022-23"
"162",162,"Sacramento Kings",1610612758,"0042200161",2023-04-15,"SAC vs. GSW","Game 1","Thu Apr 24 23:18:43","Golden State Warriors",2023-04-15,1,"Round 1: SAC vs. GSW, Game 1","#5A2D81","#1D428A","2022-23"
"163",163,"Sacramento Kings",1610612758,"0042200162",2023-04-17,"SAC vs. GSW","Game 2","Thu Apr 24 23:18:43","Golden State Warriors",2023-04-15,1,"Round 1: SAC vs. GSW, Game 2","#5A2D81","#1D428A","2022-23"
"164",164,"Sacramento Kings",1610612758,"0042200163",2023-04-20,"SAC vs. GSW","Game 3","Thu Apr 24 23:18:43","Golden State Warriors",2023-04-15,1,"Round 1: SAC vs. GSW, Game 3","#5A2D81","#1D428A","2022-23"
"165",165,"Sacramento Kings",1610612758,"0042200164",2023-04-23,"SAC vs. GSW","Game 4","Thu Apr 24 23:18:43","Golden State Warriors",2023-04-15,1,"Round 1: SAC vs. GSW, Game 4","#5A2D81","#1D428A","2022-23"
"166",166,"Sacramento Kings",1610612758,"0042200165",2023-04-26,"SAC vs. GSW","Game 5","Thu Apr 24 23:18:43","Golden State Warriors",2023-04-15,1,"Round 1: SAC vs. GSW, Game 5","#5A2D81","#1D428A","2022-23"
"167",167,"Sacramento Kings",1610612758,"0042200166",2023-04-28,"SAC vs. GSW","Game 6","Thu Apr 24 23:18:43","Golden State Warriors",2023-04-15,1,"Round 1: SAC vs. GSW, Game 6","#5A2D81","#1D428A","2022-23"
"168",168,"Sacramento Kings",1610612758,"0042200167",2023-04-30,"SAC vs. GSW","Game 7","Thu Apr 24 23:18:43","Golden State Warriors",2023-04-15,1,"Round 1: SAC vs. GSW, Game 7","#5A2D81","#1D428A","2022-23"
"169",1,"Boston Celtics",1610612738,"0042300101",2024-04-21,"BOS vs. MIA","Game 1","Thu Apr 24 23:24:32","Miami Heat",2024-04-21,1,"Round 1: BOS vs. MIA, Game 1","#007A33","#98002E","2023-24"
"170",2,"Boston Celtics",1610612738,"0042300102",2024-04-24,"BOS vs. MIA","Game 2","Thu Apr 24 23:24:32","Miami Heat",2024-04-21,1,"Round 1: BOS vs. MIA, Game 2","#007A33","#98002E","2023-24"
"171",3,"Boston Celtics",1610612738,"0042300103",2024-04-27,"BOS vs. MIA","Game 3","Thu Apr 24 23:24:32","Miami Heat",2024-04-21,1,"Round 1: BOS vs. MIA, Game 3","#007A33","#98002E","2023-24"
"172",4,"Boston Celtics",1610612738,"0042300104",2024-04-29,"BOS vs. MIA","Game 4","Thu Apr 24 23:24:32","Miami Heat",2024-04-21,1,"Round 1: BOS vs. MIA, Game 4","#007A33","#98002E","2023-24"
"173",5,"Boston Celtics",1610612738,"0042300105",2024-05-01,"BOS vs. MIA","Game 5","Thu Apr 24 23:24:32","Miami Heat",2024-04-21,1,"Round 1: BOS vs. MIA, Game 5","#007A33","#98002E","2023-24"
"174",6,"Boston Celtics",1610612738,"0042300201",2024-05-07,"BOS vs. CLE","Game 1","Thu Apr 24 23:24:32","Cleveland Cavaliers",2024-05-07,2,"Round 2: BOS vs. CLE, Game 1","#007A33","#860038","2023-24"
"175",7,"Boston Celtics",1610612738,"0042300202",2024-05-09,"BOS vs. CLE","Game 2","Thu Apr 24 23:24:32","Cleveland Cavaliers",2024-05-07,2,"Round 2: BOS vs. CLE, Game 2","#007A33","#860038","2023-24"
"176",8,"Boston Celtics",1610612738,"0042300203",2024-05-11,"BOS vs. CLE","Game 3","Thu Apr 24 23:24:32","Cleveland Cavaliers",2024-05-07,2,"Round 2: BOS vs. CLE, Game 3","#007A33","#860038","2023-24"
"177",9,"Boston Celtics",1610612738,"0042300204",2024-05-13,"BOS vs. CLE","Game 4","Thu Apr 24 23:24:32","Cleveland Cavaliers",2024-05-07,2,"Round 2: BOS vs. CLE, Game 4","#007A33","#860038","2023-24"
"178",10,"Boston Celtics",1610612738,"0042300205",2024-05-15,"BOS vs. CLE","Game 5","Thu Apr 24 23:24:32","Cleveland Cavaliers",2024-05-07,2,"Round 2: BOS vs. CLE, Game 5","#007A33","#860038","2023-24"
"179",11,"Boston Celtics",1610612738,"0042300301",2024-05-21,"BOS vs. IND","Game 1","Thu Apr 24 23:24:32","Indiana Pacers",2024-05-21,3,"Round 3: BOS vs. IND, Game 1","#007A33","#002D62","2023-24"
"180",12,"Boston Celtics",1610612738,"0042300302",2024-05-23,"BOS vs. IND","Game 2","Thu Apr 24 23:24:32","Indiana Pacers",2024-05-21,3,"Round 3: BOS vs. IND, Game 2","#007A33","#002D62","2023-24"
"181",13,"Boston Celtics",1610612738,"0042300303",2024-05-25,"BOS vs. IND","Game 3","Thu Apr 24 23:24:32","Indiana Pacers",2024-05-21,3,"Round 3: BOS vs. IND, Game 3","#007A33","#002D62","2023-24"
"182",14,"Boston Celtics",1610612738,"0042300304",2024-05-27,"BOS vs. IND","Game 4","Thu Apr 24 23:24:32","Indiana Pacers",2024-05-21,3,"Round 3: BOS vs. IND, Game 4","#007A33","#002D62","2023-24"
"183",15,"Boston Celtics",1610612738,"0042300401",2024-06-06,"BOS vs. DAL","Game 1","Thu Apr 24 23:24:32","Dallas Mavericks",2024-06-06,4,"Round 4: BOS vs. DAL, Game 1","#007A33","#00538C","2023-24"
"184",16,"Boston Celtics",1610612738,"0042300402",2024-06-09,"BOS vs. DAL","Game 2","Thu Apr 24 23:24:32","Dallas Mavericks",2024-06-06,4,"Round 4: BOS vs. DAL, Game 2","#007A33","#00538C","2023-24"
"185",17,"Boston Celtics",1610612738,"0042300403",2024-06-12,"BOS vs. DAL","Game 3","Thu Apr 24 23:24:32","Dallas Mavericks",2024-06-06,4,"Round 4: BOS vs. DAL, Game 3","#007A33","#00538C","2023-24"
"186",18,"Boston Celtics",1610612738,"0042300404",2024-06-14,"BOS vs. DAL","Game 4","Thu Apr 24 23:24:32","Dallas Mavericks",2024-06-06,4,"Round 4: BOS vs. DAL, Game 4","#007A33","#00538C","2023-24"
"187",19,"Boston Celtics",1610612738,"0042300405",2024-06-17,"BOS vs. DAL","Game 5","Thu Apr 24 23:24:32","Dallas Mavericks",2024-06-06,4,"Round 4: BOS vs. DAL, Game 5","#007A33","#00538C","2023-24"
"188",20,"Cleveland Cavaliers",1610612739,"0042300131",2024-04-20,"CLE vs. ORL","Game 1","Thu Apr 24 23:24:32","Orlando Magic",2024-04-20,1,"Round 1: CLE vs. ORL, Game 1","#860038","#0077C0","2023-24"
"189",21,"Cleveland Cavaliers",1610612739,"0042300132",2024-04-22,"CLE vs. ORL","Game 2","Thu Apr 24 23:24:32","Orlando Magic",2024-04-20,1,"Round 1: CLE vs. ORL, Game 2","#860038","#0077C0","2023-24"
"190",22,"Cleveland Cavaliers",1610612739,"0042300133",2024-04-25,"CLE vs. ORL","Game 3","Thu Apr 24 23:24:32","Orlando Magic",2024-04-20,1,"Round 1: CLE vs. ORL, Game 3","#860038","#0077C0","2023-24"
"191",23,"Cleveland Cavaliers",1610612739,"0042300134",2024-04-27,"CLE vs. ORL","Game 4","Thu Apr 24 23:24:32","Orlando Magic",2024-04-20,1,"Round 1: CLE vs. ORL, Game 4","#860038","#0077C0","2023-24"
"192",24,"Cleveland Cavaliers",1610612739,"0042300135",2024-04-30,"CLE vs. ORL","Game 5","Thu Apr 24 23:24:32","Orlando Magic",2024-04-20,1,"Round 1: CLE vs. ORL, Game 5","#860038","#0077C0","2023-24"
"193",25,"Cleveland Cavaliers",1610612739,"0042300136",2024-05-03,"CLE vs. ORL","Game 6","Thu Apr 24 23:24:32","Orlando Magic",2024-04-20,1,"Round 1: CLE vs. ORL, Game 6","#860038","#0077C0","2023-24"
"194",26,"Cleveland Cavaliers",1610612739,"0042300137",2024-05-05,"CLE vs. ORL","Game 7","Thu Apr 24 23:24:32","Orlando Magic",2024-04-20,1,"Round 1: CLE vs. ORL, Game 7","#860038","#0077C0","2023-24"
"195",27,"Cleveland Cavaliers",1610612739,"0042300201",2024-05-07,"CLE vs. BOS","Game 1","Thu Apr 24 23:24:32","Boston Celtics",2024-05-07,2,"Round 2: CLE vs. BOS, Game 1","#860038","#007A33","2023-24"
"196",28,"Cleveland Cavaliers",1610612739,"0042300202",2024-05-09,"CLE vs. BOS","Game 2","Thu Apr 24 23:24:32","Boston Celtics",2024-05-07,2,"Round 2: CLE vs. BOS, Game 2","#860038","#007A33","2023-24"
"197",29,"Cleveland Cavaliers",1610612739,"0042300203",2024-05-11,"CLE vs. BOS","Game 3","Thu Apr 24 23:24:32","Boston Celtics",2024-05-07,2,"Round 2: CLE vs. BOS, Game 3","#860038","#007A33","2023-24"
"198",30,"Cleveland Cavaliers",1610612739,"0042300204",2024-05-13,"CLE vs. BOS","Game 4","Thu Apr 24 23:24:32","Boston Celtics",2024-05-07,2,"Round 2: CLE vs. BOS, Game 4","#860038","#007A33","2023-24"
"199",31,"Cleveland Cavaliers",1610612739,"0042300205",2024-05-15,"CLE vs. BOS","Game 5","Thu Apr 24 23:24:32","Boston Celtics",2024-05-07,2,"Round 2: CLE vs. BOS, Game 5","#860038","#007A33","2023-24"
"200",32,"Dallas Mavericks",1610612742,"0042300171",2024-04-21,"DAL vs. LAC","Game 1","Thu Apr 24 23:24:32","LA Clippers",2024-04-21,1,"Round 1: DAL vs. LAC, Game 1","#00538C","#5D76A9","2023-24"
"201",33,"Dallas Mavericks",1610612742,"0042300172",2024-04-23,"DAL vs. LAC","Game 2","Thu Apr 24 23:24:32","LA Clippers",2024-04-21,1,"Round 1: DAL vs. LAC, Game 2","#00538C","#5D76A9","2023-24"
"202",34,"Dallas Mavericks",1610612742,"0042300173",2024-04-26,"DAL vs. LAC","Game 3","Thu Apr 24 23:24:32","LA Clippers",2024-04-21,1,"Round 1: DAL vs. LAC, Game 3","#00538C","#5D76A9","2023-24"
"203",35,"Dallas Mavericks",1610612742,"0042300174",2024-04-28,"DAL vs. LAC","Game 4","Thu Apr 24 23:24:32","LA Clippers",2024-04-21,1,"Round 1: DAL vs. LAC, Game 4","#00538C","#5D76A9","2023-24"
"204",36,"Dallas Mavericks",1610612742,"0042300175",2024-05-01,"DAL vs. LAC","Game 5","Thu Apr 24 23:24:32","LA Clippers",2024-04-21,1,"Round 1: DAL vs. LAC, Game 5","#00538C","#5D76A9","2023-24"
"205",37,"Dallas Mavericks",1610612742,"0042300176",2024-05-03,"DAL vs. LAC","Game 6","Thu Apr 24 23:24:32","LA Clippers",2024-04-21,1,"Round 1: DAL vs. LAC, Game 6","#00538C","#5D76A9","2023-24"
"206",38,"Dallas Mavericks",1610612742,"0042300221",2024-05-07,"DAL vs. OKC","Game 1","Thu Apr 24 23:24:32","Oklahoma City Thunder",2024-05-07,2,"Round 2: DAL vs. OKC, Game 1","#00538C","#007AC1","2023-24"
"207",39,"Dallas Mavericks",1610612742,"0042300222",2024-05-09,"DAL vs. OKC","Game 2","Thu Apr 24 23:24:32","Oklahoma City Thunder",2024-05-07,2,"Round 2: DAL vs. OKC, Game 2","#00538C","#007AC1","2023-24"
"208",40,"Dallas Mavericks",1610612742,"0042300223",2024-05-11,"DAL vs. OKC","Game 3","Thu Apr 24 23:24:32","Oklahoma City Thunder",2024-05-07,2,"Round 2: DAL vs. OKC, Game 3","#00538C","#007AC1","2023-24"
"209",41,"Dallas Mavericks",1610612742,"0042300224",2024-05-13,"DAL vs. OKC","Game 4","Thu Apr 24 23:24:32","Oklahoma City Thunder",2024-05-07,2,"Round 2: DAL vs. OKC, Game 4","#00538C","#007AC1","2023-24"
"210",42,"Dallas Mavericks",1610612742,"0042300225",2024-05-15,"DAL vs. OKC","Game 5","Thu Apr 24 23:24:32","Oklahoma City Thunder",2024-05-07,2,"Round 2: DAL vs. OKC, Game 5","#00538C","#007AC1","2023-24"
"211",43,"Dallas Mavericks",1610612742,"0042300226",2024-05-18,"DAL vs. OKC","Game 6","Thu Apr 24 23:24:32","Oklahoma City Thunder",2024-05-07,2,"Round 2: DAL vs. OKC, Game 6","#00538C","#007AC1","2023-24"
"212",44,"Dallas Mavericks",1610612742,"0042300311",2024-05-22,"DAL vs. MIN","Game 1","Thu Apr 24 23:24:32","Minnesota Timberwolves",2024-05-22,3,"Round 3: DAL vs. MIN, Game 1","#00538C","#236192","2023-24"
"213",45,"Dallas Mavericks",1610612742,"0042300312",2024-05-24,"DAL vs. MIN","Game 2","Thu Apr 24 23:24:32","Minnesota Timberwolves",2024-05-22,3,"Round 3: DAL vs. MIN, Game 2","#00538C","#236192","2023-24"
"214",46,"Dallas Mavericks",1610612742,"0042300313",2024-05-26,"DAL vs. MIN","Game 3","Thu Apr 24 23:24:32","Minnesota Timberwolves",2024-05-22,3,"Round 3: DAL vs. MIN, Game 3","#00538C","#236192","2023-24"
"215",47,"Dallas Mavericks",1610612742,"0042300314",2024-05-28,"DAL vs. MIN","Game 4","Thu Apr 24 23:24:32","Minnesota Timberwolves",2024-05-22,3,"Round 3: DAL vs. MIN, Game 4","#00538C","#236192","2023-24"
"216",48,"Dallas Mavericks",1610612742,"0042300315",2024-05-30,"DAL vs. MIN","Game 5","Thu Apr 24 23:24:32","Minnesota Timberwolves",2024-05-22,3,"Round 3: DAL vs. MIN, Game 5","#00538C","#236192","2023-24"
"217",49,"Dallas Mavericks",1610612742,"0042300401",2024-06-06,"DAL vs. BOS","Game 1","Thu Apr 24 23:24:32","Boston Celtics",2024-06-06,4,"Round 4: DAL vs. BOS, Game 1","#00538C","#007A33","2023-24"
"218",50,"Dallas Mavericks",1610612742,"0042300402",2024-06-09,"DAL vs. BOS","Game 2","Thu Apr 24 23:24:32","Boston Celtics",2024-06-06,4,"Round 4: DAL vs. BOS, Game 2","#00538C","#007A33","2023-24"
"219",51,"Dallas Mavericks",1610612742,"0042300403",2024-06-12,"DAL vs. BOS","Game 3","Thu Apr 24 23:24:32","Boston Celtics",2024-06-06,4,"Round 4: DAL vs. BOS, Game 3","#00538C","#007A33","2023-24"
"220",52,"Dallas Mavericks",1610612742,"0042300404",2024-06-14,"DAL vs. BOS","Game 4","Thu Apr 24 23:24:32","Boston Celtics",2024-06-06,4,"Round 4: DAL vs. BOS, Game 4","#00538C","#007A33","2023-24"
"221",53,"Dallas Mavericks",1610612742,"0042300405",2024-06-17,"DAL vs. BOS","Game 5","Thu Apr 24 23:24:32","Boston Celtics",2024-06-06,4,"Round 4: DAL vs. BOS, Game 5","#00538C","#007A33","2023-24"
"222",54,"Denver Nuggets",1610612743,"0042300151",2024-04-20,"DEN vs. LAL","Game 1","Thu Apr 24 23:24:32","Los Angeles Lakers",2024-04-20,1,"Round 1: DEN vs. LAL, Game 1","#0E2240","#552583","2023-24"
"223",55,"Denver Nuggets",1610612743,"0042300152",2024-04-22,"DEN vs. LAL","Game 2","Thu Apr 24 23:24:32","Los Angeles Lakers",2024-04-20,1,"Round 1: DEN vs. LAL, Game 2","#0E2240","#552583","2023-24"
"224",56,"Denver Nuggets",1610612743,"0042300153",2024-04-25,"DEN vs. LAL","Game 3","Thu Apr 24 23:24:32","Los Angeles Lakers",2024-04-20,1,"Round 1: DEN vs. LAL, Game 3","#0E2240","#552583","2023-24"
"225",57,"Denver Nuggets",1610612743,"0042300154",2024-04-27,"DEN vs. LAL","Game 4","Thu Apr 24 23:24:32","Los Angeles Lakers",2024-04-20,1,"Round 1: DEN vs. LAL, Game 4","#0E2240","#552583","2023-24"
"226",58,"Denver Nuggets",1610612743,"0042300155",2024-04-29,"DEN vs. LAL","Game 5","Thu Apr 24 23:24:32","Los Angeles Lakers",2024-04-20,1,"Round 1: DEN vs. LAL, Game 5","#0E2240","#552583","2023-24"
"227",59,"Denver Nuggets",1610612743,"0042300231",2024-05-04,"DEN vs. MIN","Game 1","Thu Apr 24 23:24:32","Minnesota Timberwolves",2024-05-04,2,"Round 2: DEN vs. MIN, Game 1","#0E2240","#236192","2023-24"
"228",60,"Denver Nuggets",1610612743,"0042300232",2024-05-06,"DEN vs. MIN","Game 2","Thu Apr 24 23:24:32","Minnesota Timberwolves",2024-05-04,2,"Round 2: DEN vs. MIN, Game 2","#0E2240","#236192","2023-24"
"229",61,"Denver Nuggets",1610612743,"0042300233",2024-05-10,"DEN vs. MIN","Game 3","Thu Apr 24 23:24:32","Minnesota Timberwolves",2024-05-04,2,"Round 2: DEN vs. MIN, Game 3","#0E2240","#236192","2023-24"
"230",62,"Denver Nuggets",1610612743,"0042300234",2024-05-12,"DEN vs. MIN","Game 4","Thu Apr 24 23:24:32","Minnesota Timberwolves",2024-05-04,2,"Round 2: DEN vs. MIN, Game 4","#0E2240","#236192","2023-24"
"231",63,"Denver Nuggets",1610612743,"0042300235",2024-05-14,"DEN vs. MIN","Game 5","Thu Apr 24 23:24:32","Minnesota Timberwolves",2024-05-04,2,"Round 2: DEN vs. MIN, Game 5","#0E2240","#236192","2023-24"
"232",64,"Denver Nuggets",1610612743,"0042300236",2024-05-16,"DEN vs. MIN","Game 6","Thu Apr 24 23:24:32","Minnesota Timberwolves",2024-05-04,2,"Round 2: DEN vs. MIN, Game 6","#0E2240","#236192","2023-24"
"233",65,"Denver Nuggets",1610612743,"0042300237",2024-05-19,"DEN vs. MIN","Game 7","Thu Apr 24 23:24:32","Minnesota Timberwolves",2024-05-04,2,"Round 2: DEN vs. MIN, Game 7","#0E2240","#236192","2023-24"
"234",66,"Indiana Pacers",1610612754,"0042300121",2024-04-21,"IND vs. MIL","Game 1","Thu Apr 24 23:24:32","Milwaukee Bucks",2024-04-21,1,"Round 1: IND vs. MIL, Game 1","#002D62","#00471B","2023-24"
"235",67,"Indiana Pacers",1610612754,"0042300122",2024-04-23,"IND vs. MIL","Game 2","Thu Apr 24 23:24:32","Milwaukee Bucks",2024-04-21,1,"Round 1: IND vs. MIL, Game 2","#002D62","#00471B","2023-24"
"236",68,"Indiana Pacers",1610612754,"0042300123",2024-04-26,"IND vs. MIL","Game 3","Thu Apr 24 23:24:32","Milwaukee Bucks",2024-04-21,1,"Round 1: IND vs. MIL, Game 3","#002D62","#00471B","2023-24"
"237",69,"Indiana Pacers",1610612754,"0042300124",2024-04-28,"IND vs. MIL","Game 4","Thu Apr 24 23:24:32","Milwaukee Bucks",2024-04-21,1,"Round 1: IND vs. MIL, Game 4","#002D62","#00471B","2023-24"
"238",70,"Indiana Pacers",1610612754,"0042300125",2024-04-30,"IND vs. MIL","Game 5","Thu Apr 24 23:24:32","Milwaukee Bucks",2024-04-21,1,"Round 1: IND vs. MIL, Game 5","#002D62","#00471B","2023-24"
"239",71,"Indiana Pacers",1610612754,"0042300126",2024-05-02,"IND vs. MIL","Game 6","Thu Apr 24 23:24:32","Milwaukee Bucks",2024-04-21,1,"Round 1: IND vs. MIL, Game 6","#002D62","#00471B","2023-24"
"240",72,"Indiana Pacers",1610612754,"0042300211",2024-05-06,"IND vs. NYK","Game 1","Thu Apr 24 23:24:32","New York Knicks",2024-05-06,2,"Round 2: IND vs. NYK, Game 1","#002D62","#006BB6","2023-24"
"241",73,"Indiana Pacers",1610612754,"0042300212",2024-05-08,"IND vs. NYK","Game 2","Thu Apr 24 23:24:32","New York Knicks",2024-05-06,2,"Round 2: IND vs. NYK, Game 2","#002D62","#006BB6","2023-24"
"242",74,"Indiana Pacers",1610612754,"0042300213",2024-05-10,"IND vs. NYK","Game 3","Thu Apr 24 23:24:32","New York Knicks",2024-05-06,2,"Round 2: IND vs. NYK, Game 3","#002D62","#006BB6","2023-24"
"243",75,"Indiana Pacers",1610612754,"0042300214",2024-05-12,"IND vs. NYK","Game 4","Thu Apr 24 23:24:32","New York Knicks",2024-05-06,2,"Round 2: IND vs. NYK, Game 4","#002D62","#006BB6","2023-24"
"244",76,"Indiana Pacers",1610612754,"0042300215",2024-05-14,"IND vs. NYK","Game 5","Thu Apr 24 23:24:32","New York Knicks",2024-05-06,2,"Round 2: IND vs. NYK, Game 5","#002D62","#006BB6","2023-24"
"245",77,"Indiana Pacers",1610612754,"0042300216",2024-05-17,"IND vs. NYK","Game 6","Thu Apr 24 23:24:32","New York Knicks",2024-05-06,2,"Round 2: IND vs. NYK, Game 6","#002D62","#006BB6","2023-24"
"246",78,"Indiana Pacers",1610612754,"0042300217",2024-05-19,"IND vs. NYK","Game 7","Thu Apr 24 23:24:32","New York Knicks",2024-05-06,2,"Round 2: IND vs. NYK, Game 7","#002D62","#006BB6","2023-24"
"247",79,"Indiana Pacers",1610612754,"0042300301",2024-05-21,"IND vs. BOS","Game 1","Thu Apr 24 23:24:32","Boston Celtics",2024-05-21,3,"Round 3: IND vs. BOS, Game 1","#002D62","#007A33","2023-24"
"248",80,"Indiana Pacers",1610612754,"0042300302",2024-05-23,"IND vs. BOS","Game 2","Thu Apr 24 23:24:32","Boston Celtics",2024-05-21,3,"Round 3: IND vs. BOS, Game 2","#002D62","#007A33","2023-24"
"249",81,"Indiana Pacers",1610612754,"0042300303",2024-05-25,"IND vs. BOS","Game 3","Thu Apr 24 23:24:32","Boston Celtics",2024-05-21,3,"Round 3: IND vs. BOS, Game 3","#002D62","#007A33","2023-24"
"250",82,"Indiana Pacers",1610612754,"0042300304",2024-05-27,"IND vs. BOS","Game 4","Thu Apr 24 23:24:32","Boston Celtics",2024-05-21,3,"Round 3: IND vs. BOS, Game 4","#002D62","#007A33","2023-24"
"251",83,"LA Clippers",1610612746,"0042300171",2024-04-21,"LAC vs. DAL","Game 1","Thu Apr 24 23:24:32","Dallas Mavericks",2024-04-21,1,"Round 1: LAC vs. DAL, Game 1","#5D76A9","#00538C","2023-24"
"252",84,"LA Clippers",1610612746,"0042300172",2024-04-23,"LAC vs. DAL","Game 2","Thu Apr 24 23:24:32","Dallas Mavericks",2024-04-21,1,"Round 1: LAC vs. DAL, Game 2","#5D76A9","#00538C","2023-24"
"253",85,"LA Clippers",1610612746,"0042300173",2024-04-26,"LAC vs. DAL","Game 3","Thu Apr 24 23:24:32","Dallas Mavericks",2024-04-21,1,"Round 1: LAC vs. DAL, Game 3","#5D76A9","#00538C","2023-24"
"254",86,"LA Clippers",1610612746,"0042300174",2024-04-28,"LAC vs. DAL","Game 4","Thu Apr 24 23:24:32","Dallas Mavericks",2024-04-21,1,"Round 1: LAC vs. DAL, Game 4","#5D76A9","#00538C","2023-24"
"255",87,"LA Clippers",1610612746,"0042300175",2024-05-01,"LAC vs. DAL","Game 5","Thu Apr 24 23:24:32","Dallas Mavericks",2024-04-21,1,"Round 1: LAC vs. DAL, Game 5","#5D76A9","#00538C","2023-24"
"256",88,"LA Clippers",1610612746,"0042300176",2024-05-03,"LAC vs. DAL","Game 6","Thu Apr 24 23:24:32","Dallas Mavericks",2024-04-21,1,"Round 1: LAC vs. DAL, Game 6","#5D76A9","#00538C","2023-24"
"257",89,"Los Angeles Lakers",1610612747,"0042300151",2024-04-20,"LAL vs. DEN","Game 1","Thu Apr 24 23:24:32","Denver Nuggets",2024-04-20,1,"Round 1: LAL vs. DEN, Game 1","#552583","#0E2240","2023-24"
"258",90,"Los Angeles Lakers",1610612747,"0042300152",2024-04-22,"LAL vs. DEN","Game 2","Thu Apr 24 23:24:32","Denver Nuggets",2024-04-20,1,"Round 1: LAL vs. DEN, Game 2","#552583","#0E2240","2023-24"
"259",91,"Los Angeles Lakers",1610612747,"0042300153",2024-04-25,"LAL vs. DEN","Game 3","Thu Apr 24 23:24:32","Denver Nuggets",2024-04-20,1,"Round 1: LAL vs. DEN, Game 3","#552583","#0E2240","2023-24"
"260",92,"Los Angeles Lakers",1610612747,"0042300154",2024-04-27,"LAL vs. DEN","Game 4","Thu Apr 24 23:24:32","Denver Nuggets",2024-04-20,1,"Round 1: LAL vs. DEN, Game 4","#552583","#0E2240","2023-24"
"261",93,"Los Angeles Lakers",1610612747,"0042300155",2024-04-29,"LAL vs. DEN","Game 5","Thu Apr 24 23:24:32","Denver Nuggets",2024-04-20,1,"Round 1: LAL vs. DEN, Game 5","#552583","#0E2240","2023-24"
"262",94,"Miami Heat",1610612748,"0042300101",2024-04-21,"MIA vs. BOS","Game 1","Thu Apr 24 23:24:32","Boston Celtics",2024-04-21,1,"Round 1: MIA vs. BOS, Game 1","#98002E","#007A33","2023-24"
"263",95,"Miami Heat",1610612748,"0042300102",2024-04-24,"MIA vs. BOS","Game 2","Thu Apr 24 23:24:32","Boston Celtics",2024-04-21,1,"Round 1: MIA vs. BOS, Game 2","#98002E","#007A33","2023-24"
"264",96,"Miami Heat",1610612748,"0042300103",2024-04-27,"MIA vs. BOS","Game 3","Thu Apr 24 23:24:32","Boston Celtics",2024-04-21,1,"Round 1: MIA vs. BOS, Game 3","#98002E","#007A33","2023-24"
"265",97,"Miami Heat",1610612748,"0042300104",2024-04-29,"MIA vs. BOS","Game 4","Thu Apr 24 23:24:32","Boston Celtics",2024-04-21,1,"Round 1: MIA vs. BOS, Game 4","#98002E","#007A33","2023-24"
"266",98,"Miami Heat",1610612748,"0042300105",2024-05-01,"MIA vs. BOS","Game 5","Thu Apr 24 23:24:32","Boston Celtics",2024-04-21,1,"Round 1: MIA vs. BOS, Game 5","#98002E","#007A33","2023-24"
"267",99,"Milwaukee Bucks",1610612749,"0042300121",2024-04-21,"MIL vs. IND","Game 1","Thu Apr 24 23:24:32","Indiana Pacers",2024-04-21,1,"Round 1: MIL vs. IND, Game 1","#00471B","#002D62","2023-24"
"268",100,"Milwaukee Bucks",1610612749,"0042300122",2024-04-23,"MIL vs. IND","Game 2","Thu Apr 24 23:24:32","Indiana Pacers",2024-04-21,1,"Round 1: MIL vs. IND, Game 2","#00471B","#002D62","2023-24"
"269",101,"Milwaukee Bucks",1610612749,"0042300123",2024-04-26,"MIL vs. IND","Game 3","Thu Apr 24 23:24:32","Indiana Pacers",2024-04-21,1,"Round 1: MIL vs. IND, Game 3","#00471B","#002D62","2023-24"
"270",102,"Milwaukee Bucks",1610612749,"0042300124",2024-04-28,"MIL vs. IND","Game 4","Thu Apr 24 23:24:32","Indiana Pacers",2024-04-21,1,"Round 1: MIL vs. IND, Game 4","#00471B","#002D62","2023-24"
"271",103,"Milwaukee Bucks",1610612749,"0042300125",2024-04-30,"MIL vs. IND","Game 5","Thu Apr 24 23:24:32","Indiana Pacers",2024-04-21,1,"Round 1: MIL vs. IND, Game 5","#00471B","#002D62","2023-24"
"272",104,"Milwaukee Bucks",1610612749,"0042300126",2024-05-02,"MIL vs. IND","Game 6","Thu Apr 24 23:24:32","Indiana Pacers",2024-04-21,1,"Round 1: MIL vs. IND, Game 6","#00471B","#002D62","2023-24"
"273",105,"Minnesota Timberwolves",1610612750,"0042300161",2024-04-20,"MIN vs. PHX","Game 1","Thu Apr 24 23:24:32","Phoenix Suns",2024-04-20,1,"Round 1: MIN vs. PHX, Game 1","#236192","#1D1160","2023-24"
"274",106,"Minnesota Timberwolves",1610612750,"0042300162",2024-04-23,"MIN vs. PHX","Game 2","Thu Apr 24 23:24:32","Phoenix Suns",2024-04-20,1,"Round 1: MIN vs. PHX, Game 2","#236192","#1D1160","2023-24"
"275",107,"Minnesota Timberwolves",1610612750,"0042300163",2024-04-26,"MIN vs. PHX","Game 3","Thu Apr 24 23:24:32","Phoenix Suns",2024-04-20,1,"Round 1: MIN vs. PHX, Game 3","#236192","#1D1160","2023-24"
"276",108,"Minnesota Timberwolves",1610612750,"0042300164",2024-04-28,"MIN vs. PHX","Game 4","Thu Apr 24 23:24:32","Phoenix Suns",2024-04-20,1,"Round 1: MIN vs. PHX, Game 4","#236192","#1D1160","2023-24"
"277",109,"Minnesota Timberwolves",1610612750,"0042300231",2024-05-04,"MIN vs. DEN","Game 1","Thu Apr 24 23:24:32","Denver Nuggets",2024-05-04,2,"Round 2: MIN vs. DEN, Game 1","#236192","#0E2240","2023-24"
"278",110,"Minnesota Timberwolves",1610612750,"0042300232",2024-05-06,"MIN vs. DEN","Game 2","Thu Apr 24 23:24:32","Denver Nuggets",2024-05-04,2,"Round 2: MIN vs. DEN, Game 2","#236192","#0E2240","2023-24"
"279",111,"Minnesota Timberwolves",1610612750,"0042300233",2024-05-10,"MIN vs. DEN","Game 3","Thu Apr 24 23:24:32","Denver Nuggets",2024-05-04,2,"Round 2: MIN vs. DEN, Game 3","#236192","#0E2240","2023-24"
"280",112,"Minnesota Timberwolves",1610612750,"0042300234",2024-05-12,"MIN vs. DEN","Game 4","Thu Apr 24 23:24:32","Denver Nuggets",2024-05-04,2,"Round 2: MIN vs. DEN, Game 4","#236192","#0E2240","2023-24"
"281",113,"Minnesota Timberwolves",1610612750,"0042300235",2024-05-14,"MIN vs. DEN","Game 5","Thu Apr 24 23:24:32","Denver Nuggets",2024-05-04,2,"Round 2: MIN vs. DEN, Game 5","#236192","#0E2240","2023-24"
"282",114,"Minnesota Timberwolves",1610612750,"0042300236",2024-05-16,"MIN vs. DEN","Game 6","Thu Apr 24 23:24:32","Denver Nuggets",2024-05-04,2,"Round 2: MIN vs. DEN, Game 6","#236192","#0E2240","2023-24"
"283",115,"Minnesota Timberwolves",1610612750,"0042300237",2024-05-19,"MIN vs. DEN","Game 7","Thu Apr 24 23:24:32","Denver Nuggets",2024-05-04,2,"Round 2: MIN vs. DEN, Game 7","#236192","#0E2240","2023-24"
"284",116,"Minnesota Timberwolves",1610612750,"0042300311",2024-05-22,"MIN vs. DAL","Game 1","Thu Apr 24 23:24:32","Dallas Mavericks",2024-05-22,3,"Round 3: MIN vs. DAL, Game 1","#236192","#00538C","2023-24"
"285",117,"Minnesota Timberwolves",1610612750,"0042300312",2024-05-24,"MIN vs. DAL","Game 2","Thu Apr 24 23:24:32","Dallas Mavericks",2024-05-22,3,"Round 3: MIN vs. DAL, Game 2","#236192","#00538C","2023-24"
"286",118,"Minnesota Timberwolves",1610612750,"0042300313",2024-05-26,"MIN vs. DAL","Game 3","Thu Apr 24 23:24:32","Dallas Mavericks",2024-05-22,3,"Round 3: MIN vs. DAL, Game 3","#236192","#00538C","2023-24"
"287",119,"Minnesota Timberwolves",1610612750,"0042300314",2024-05-28,"MIN vs. DAL","Game 4","Thu Apr 24 23:24:32","Dallas Mavericks",2024-05-22,3,"Round 3: MIN vs. DAL, Game 4","#236192","#00538C","2023-24"
"288",120,"Minnesota Timberwolves",1610612750,"0042300315",2024-05-30,"MIN vs. DAL","Game 5","Thu Apr 24 23:24:32","Dallas Mavericks",2024-05-22,3,"Round 3: MIN vs. DAL, Game 5","#236192","#00538C","2023-24"
"289",121,"New Orleans Pelicans",1610612740,"0042300141",2024-04-21,"NOP vs. OKC","Game 1","Thu Apr 24 23:24:32","Oklahoma City Thunder",2024-04-21,1,"Round 1: NOP vs. OKC, Game 1","#0C2340","#007AC1","2023-24"
"290",122,"New Orleans Pelicans",1610612740,"0042300142",2024-04-24,"NOP vs. OKC","Game 2","Thu Apr 24 23:24:32","Oklahoma City Thunder",2024-04-21,1,"Round 1: NOP vs. OKC, Game 2","#0C2340","#007AC1","2023-24"
"291",123,"New Orleans Pelicans",1610612740,"0042300143",2024-04-27,"NOP vs. OKC","Game 3","Thu Apr 24 23:24:32","Oklahoma City Thunder",2024-04-21,1,"Round 1: NOP vs. OKC, Game 3","#0C2340","#007AC1","2023-24"
"292",124,"New Orleans Pelicans",1610612740,"0042300144",2024-04-29,"NOP vs. OKC","Game 4","Thu Apr 24 23:24:32","Oklahoma City Thunder",2024-04-21,1,"Round 1: NOP vs. OKC, Game 4","#0C2340","#007AC1","2023-24"
"293",125,"New York Knicks",1610612752,"0042300111",2024-04-20,"NYK vs. PHI","Game 1","Thu Apr 24 23:24:32","Philadelphia 76ers",2024-04-20,1,"Round 1: NYK vs. PHI, Game 1","#006BB6","#006BB6","2023-24"
"294",126,"New York Knicks",1610612752,"0042300112",2024-04-22,"NYK vs. PHI","Game 2","Thu Apr 24 23:24:32","Philadelphia 76ers",2024-04-20,1,"Round 1: NYK vs. PHI, Game 2","#006BB6","#006BB6","2023-24"
"295",127,"New York Knicks",1610612752,"0042300113",2024-04-25,"NYK vs. PHI","Game 3","Thu Apr 24 23:24:32","Philadelphia 76ers",2024-04-20,1,"Round 1: NYK vs. PHI, Game 3","#006BB6","#006BB6","2023-24"
"296",128,"New York Knicks",1610612752,"0042300114",2024-04-28,"NYK vs. PHI","Game 4","Thu Apr 24 23:24:32","Philadelphia 76ers",2024-04-20,1,"Round 1: NYK vs. PHI, Game 4","#006BB6","#006BB6","2023-24"
"297",129,"New York Knicks",1610612752,"0042300115",2024-04-30,"NYK vs. PHI","Game 5","Thu Apr 24 23:24:32","Philadelphia 76ers",2024-04-20,1,"Round 1: NYK vs. PHI, Game 5","#006BB6","#006BB6","2023-24"
"298",130,"New York Knicks",1610612752,"0042300116",2024-05-02,"NYK vs. PHI","Game 6","Thu Apr 24 23:24:32","Philadelphia 76ers",2024-04-20,1,"Round 1: NYK vs. PHI, Game 6","#006BB6","#006BB6","2023-24"
"299",131,"New York Knicks",1610612752,"0042300211",2024-05-06,"NYK vs. IND","Game 1","Thu Apr 24 23:24:32","Indiana Pacers",2024-05-06,2,"Round 2: NYK vs. IND, Game 1","#006BB6","#002D62","2023-24"
"300",132,"New York Knicks",1610612752,"0042300212",2024-05-08,"NYK vs. IND","Game 2","Thu Apr 24 23:24:32","Indiana Pacers",2024-05-06,2,"Round 2: NYK vs. IND, Game 2","#006BB6","#002D62","2023-24"
"301",133,"New York Knicks",1610612752,"0042300213",2024-05-10,"NYK vs. IND","Game 3","Thu Apr 24 23:24:32","Indiana Pacers",2024-05-06,2,"Round 2: NYK vs. IND, Game 3","#006BB6","#002D62","2023-24"
"302",134,"New York Knicks",1610612752,"0042300214",2024-05-12,"NYK vs. IND","Game 4","Thu Apr 24 23:24:32","Indiana Pacers",2024-05-06,2,"Round 2: NYK vs. IND, Game 4","#006BB6","#002D62","2023-24"
"303",135,"New York Knicks",1610612752,"0042300215",2024-05-14,"NYK vs. IND","Game 5","Thu Apr 24 23:24:32","Indiana Pacers",2024-05-06,2,"Round 2: NYK vs. IND, Game 5","#006BB6","#002D62","2023-24"
"304",136,"New York Knicks",1610612752,"0042300216",2024-05-17,"NYK vs. IND","Game 6","Thu Apr 24 23:24:32","Indiana Pacers",2024-05-06,2,"Round 2: NYK vs. IND, Game 6","#006BB6","#002D62","2023-24"
"305",137,"New York Knicks",1610612752,"0042300217",2024-05-19,"NYK vs. IND","Game 7","Thu Apr 24 23:24:32","Indiana Pacers",2024-05-06,2,"Round 2: NYK vs. IND, Game 7","#006BB6","#002D62","2023-24"
"306",138,"Oklahoma City Thunder",1610612760,"0042300141",2024-04-21,"OKC vs. NOP","Game 1","Thu Apr 24 23:24:32","New Orleans Pelicans",2024-04-21,1,"Round 1: OKC vs. NOP, Game 1","#007AC1","#0C2340","2023-24"
"307",139,"Oklahoma City Thunder",1610612760,"0042300142",2024-04-24,"OKC vs. NOP","Game 2","Thu Apr 24 23:24:32","New Orleans Pelicans",2024-04-21,1,"Round 1: OKC vs. NOP, Game 2","#007AC1","#0C2340","2023-24"
"308",140,"Oklahoma City Thunder",1610612760,"0042300143",2024-04-27,"OKC vs. NOP","Game 3","Thu Apr 24 23:24:32","New Orleans Pelicans",2024-04-21,1,"Round 1: OKC vs. NOP, Game 3","#007AC1","#0C2340","2023-24"
"309",141,"Oklahoma City Thunder",1610612760,"0042300144",2024-04-29,"OKC vs. NOP","Game 4","Thu Apr 24 23:24:32","New Orleans Pelicans",2024-04-21,1,"Round 1: OKC vs. NOP, Game 4","#007AC1","#0C2340","2023-24"
"310",142,"Oklahoma City Thunder",1610612760,"0042300221",2024-05-07,"OKC vs. DAL","Game 1","Thu Apr 24 23:24:32","Dallas Mavericks",2024-05-07,2,"Round 2: OKC vs. DAL, Game 1","#007AC1","#00538C","2023-24"
"311",143,"Oklahoma City Thunder",1610612760,"0042300222",2024-05-09,"OKC vs. DAL","Game 2","Thu Apr 24 23:24:32","Dallas Mavericks",2024-05-07,2,"Round 2: OKC vs. DAL, Game 2","#007AC1","#00538C","2023-24"
"312",144,"Oklahoma City Thunder",1610612760,"0042300223",2024-05-11,"OKC vs. DAL","Game 3","Thu Apr 24 23:24:32","Dallas Mavericks",2024-05-07,2,"Round 2: OKC vs. DAL, Game 3","#007AC1","#00538C","2023-24"
"313",145,"Oklahoma City Thunder",1610612760,"0042300224",2024-05-13,"OKC vs. DAL","Game 4","Thu Apr 24 23:24:32","Dallas Mavericks",2024-05-07,2,"Round 2: OKC vs. DAL, Game 4","#007AC1","#00538C","2023-24"
"314",146,"Oklahoma City Thunder",1610612760,"0042300225",2024-05-15,"OKC vs. DAL","Game 5","Thu Apr 24 23:24:32","Dallas Mavericks",2024-05-07,2,"Round 2: OKC vs. DAL, Game 5","#007AC1","#00538C","2023-24"
"315",147,"Oklahoma City Thunder",1610612760,"0042300226",2024-05-18,"OKC vs. DAL","Game 6","Thu Apr 24 23:24:32","Dallas Mavericks",2024-05-07,2,"Round 2: OKC vs. DAL, Game 6","#007AC1","#00538C","2023-24"
"316",148,"Orlando Magic",1610612753,"0042300131",2024-04-20,"ORL vs. CLE","Game 1","Thu Apr 24 23:24:32","Cleveland Cavaliers",2024-04-20,1,"Round 1: ORL vs. CLE, Game 1","#0077C0","#860038","2023-24"
"317",149,"Orlando Magic",1610612753,"0042300132",2024-04-22,"ORL vs. CLE","Game 2","Thu Apr 24 23:24:32","Cleveland Cavaliers",2024-04-20,1,"Round 1: ORL vs. CLE, Game 2","#0077C0","#860038","2023-24"
"318",150,"Orlando Magic",1610612753,"0042300133",2024-04-25,"ORL vs. CLE","Game 3","Thu Apr 24 23:24:32","Cleveland Cavaliers",2024-04-20,1,"Round 1: ORL vs. CLE, Game 3","#0077C0","#860038","2023-24"
"319",151,"Orlando Magic",1610612753,"0042300134",2024-04-27,"ORL vs. CLE","Game 4","Thu Apr 24 23:24:32","Cleveland Cavaliers",2024-04-20,1,"Round 1: ORL vs. CLE, Game 4","#0077C0","#860038","2023-24"
"320",152,"Orlando Magic",1610612753,"0042300135",2024-04-30,"ORL vs. CLE","Game 5","Thu Apr 24 23:24:32","Cleveland Cavaliers",2024-04-20,1,"Round 1: ORL vs. CLE, Game 5","#0077C0","#860038","2023-24"
"321",153,"Orlando Magic",1610612753,"0042300136",2024-05-03,"ORL vs. CLE","Game 6","Thu Apr 24 23:24:32","Cleveland Cavaliers",2024-04-20,1,"Round 1: ORL vs. CLE, Game 6","#0077C0","#860038","2023-24"
"322",154,"Orlando Magic",1610612753,"0042300137",2024-05-05,"ORL vs. CLE","Game 7","Thu Apr 24 23:24:32","Cleveland Cavaliers",2024-04-20,1,"Round 1: ORL vs. CLE, Game 7","#0077C0","#860038","2023-24"
"323",155,"Philadelphia 76ers",1610612755,"0042300111",2024-04-20,"PHI vs. NYK","Game 1","Thu Apr 24 23:24:32","New York Knicks",2024-04-20,1,"Round 1: PHI vs. NYK, Game 1","#006BB6","#006BB6","2023-24"
"324",156,"Philadelphia 76ers",1610612755,"0042300112",2024-04-22,"PHI vs. NYK","Game 2","Thu Apr 24 23:24:32","New York Knicks",2024-04-20,1,"Round 1: PHI vs. NYK, Game 2","#006BB6","#006BB6","2023-24"
"325",157,"Philadelphia 76ers",1610612755,"0042300113",2024-04-25,"PHI vs. NYK","Game 3","Thu Apr 24 23:24:32","New York Knicks",2024-04-20,1,"Round 1: PHI vs. NYK, Game 3","#006BB6","#006BB6","2023-24"
"326",158,"Philadelphia 76ers",1610612755,"0042300114",2024-04-28,"PHI vs. NYK","Game 4","Thu Apr 24 23:24:32","New York Knicks",2024-04-20,1,"Round 1: PHI vs. NYK, Game 4","#006BB6","#006BB6","2023-24"
"327",159,"Philadelphia 76ers",1610612755,"0042300115",2024-04-30,"PHI vs. NYK","Game 5","Thu Apr 24 23:24:32","New York Knicks",2024-04-20,1,"Round 1: PHI vs. NYK, Game 5","#006BB6","#006BB6","2023-24"
"328",160,"Philadelphia 76ers",1610612755,"0042300116",2024-05-02,"PHI vs. NYK","Game 6","Thu Apr 24 23:24:32","New York Knicks",2024-04-20,1,"Round 1: PHI vs. NYK, Game 6","#006BB6","#006BB6","2023-24"
"329",161,"Phoenix Suns",1610612756,"0042300161",2024-04-20,"PHX vs. MIN","Game 1","Thu Apr 24 23:24:32","Minnesota Timberwolves",2024-04-20,1,"Round 1: PHX vs. MIN, Game 1","#1D1160","#236192","2023-24"
"330",162,"Phoenix Suns",1610612756,"0042300162",2024-04-23,"PHX vs. MIN","Game 2","Thu Apr 24 23:24:32","Minnesota Timberwolves",2024-04-20,1,"Round 1: PHX vs. MIN, Game 2","#1D1160","#236192","2023-24"
"331",163,"Phoenix Suns",1610612756,"0042300163",2024-04-26,"PHX vs. MIN","Game 3","Thu Apr 24 23:24:32","Minnesota Timberwolves",2024-04-20,1,"Round 1: PHX vs. MIN, Game 3","#1D1160","#236192","2023-24"
"332",164,"Phoenix Suns",1610612756,"0042300164",2024-04-28,"PHX vs. MIN","Game 4","Thu Apr 24 23:24:32","Minnesota Timberwolves",2024-04-20,1,"Round 1: PHX vs. MIN, Game 4","#1D1160","#236192","2023-24"
"333",1,"Boston Celtics",1610612738,"0042400111",2025-04-20,"BOS vs. ORL","Game 1","Wed Apr 30 15:23:26","Orlando Magic",2025-04-20,1,"Round 1: BOS vs. ORL, Game 1","#007A33","#0077C0","2024-25"
"334",2,"Boston Celtics",1610612738,"0042400112",2025-04-23,"BOS vs. ORL","Game 2","Wed Apr 30 15:23:26","Orlando Magic",2025-04-20,1,"Round 1: BOS vs. ORL, Game 2","#007A33","#0077C0","2024-25"
"335",3,"Boston Celtics",1610612738,"0042400113",2025-04-25,"BOS vs. ORL","Game 3","Wed Apr 30 15:23:26","Orlando Magic",2025-04-20,1,"Round 1: BOS vs. ORL, Game 3","#007A33","#0077C0","2024-25"
"336",4,"Boston Celtics",1610612738,"0042400114",2025-04-27,"BOS vs. ORL","Game 4","Wed Apr 30 15:23:26","Orlando Magic",2025-04-20,1,"Round 1: BOS vs. ORL, Game 4","#007A33","#0077C0","2024-25"
"337",5,"Boston Celtics",1610612738,"0042400115",2025-04-29,"BOS vs. ORL","Game 5","Wed Apr 30 15:23:26","Orlando Magic",2025-04-20,1,"Round 1: BOS vs. ORL, Game 5","#007A33","#0077C0","2024-25"
"338",6,"Cleveland Cavaliers",1610612739,"0042400101",2025-04-20,"CLE vs. MIA","Game 1","Wed Apr 30 15:23:26","Miami Heat",2025-04-20,1,"Round 1: CLE vs. MIA, Game 1","#860038","#98002E","2024-25"
"339",7,"Cleveland Cavaliers",1610612739,"0042400102",2025-04-23,"CLE vs. MIA","Game 2","Wed Apr 30 15:23:26","Miami Heat",2025-04-20,1,"Round 1: CLE vs. MIA, Game 2","#860038","#98002E","2024-25"
"340",8,"Cleveland Cavaliers",1610612739,"0042400103",2025-04-26,"CLE vs. MIA","Game 3","Wed Apr 30 15:23:26","Miami Heat",2025-04-20,1,"Round 1: CLE vs. MIA, Game 3","#860038","#98002E","2024-25"
"341",9,"Cleveland Cavaliers",1610612739,"0042400104",2025-04-28,"CLE vs. MIA","Game 4","Wed Apr 30 15:23:26","Miami Heat",2025-04-20,1,"Round 1: CLE vs. MIA, Game 4","#860038","#98002E","2024-25"
"342",10,"Denver Nuggets",1610612743,"0042400171",2025-04-19,"DEN vs. LAC","Game 1","Wed Apr 30 15:23:26","LA Clippers",2025-04-19,1,"Round 1: DEN vs. LAC, Game 1","#0E2240","#5D76A9","2024-25"
"343",11,"Denver Nuggets",1610612743,"0042400172",2025-04-21,"DEN vs. LAC","Game 2","Wed Apr 30 15:23:26","LA Clippers",2025-04-19,1,"Round 1: DEN vs. LAC, Game 2","#0E2240","#5D76A9","2024-25"
"344",12,"Denver Nuggets",1610612743,"0042400173",2025-04-24,"DEN vs. LAC","Game 3","Wed Apr 30 15:23:26","LA Clippers",2025-04-19,1,"Round 1: DEN vs. LAC, Game 3","#0E2240","#5D76A9","2024-25"
"345",13,"Denver Nuggets",1610612743,"0042400174",2025-04-26,"DEN vs. LAC","Game 4","Wed Apr 30 15:23:26","LA Clippers",2025-04-19,1,"Round 1: DEN vs. LAC, Game 4","#0E2240","#5D76A9","2024-25"
"346",14,"Denver Nuggets",1610612743,"0042400175",2025-04-29,"DEN vs. LAC","Game 5","Wed Apr 30 15:23:26","LA Clippers",2025-04-19,1,"Round 1: DEN vs. LAC, Game 5","#0E2240","#5D76A9","2024-25"
"347",15,"Detroit Pistons",1610612765,"0042400121",2025-04-19,"DET vs. NYK","Game 1","Wed Apr 30 15:23:26","New York Knicks",2025-04-19,1,"Round 1: DET vs. NYK, Game 1","#C8102E","#006BB6","2024-25"
"348",16,"Detroit Pistons",1610612765,"0042400122",2025-04-21,"DET vs. NYK","Game 2","Wed Apr 30 15:23:26","New York Knicks",2025-04-19,1,"Round 1: DET vs. NYK, Game 2","#C8102E","#006BB6","2024-25"
"349",17,"Detroit Pistons",1610612765,"0042400123",2025-04-24,"DET vs. NYK","Game 3","Wed Apr 30 15:23:26","New York Knicks",2025-04-19,1,"Round 1: DET vs. NYK, Game 3","#C8102E","#006BB6","2024-25"
"350",18,"Detroit Pistons",1610612765,"0042400124",2025-04-27,"DET vs. NYK","Game 4","Wed Apr 30 15:23:26","New York Knicks",2025-04-19,1,"Round 1: DET vs. NYK, Game 4","#C8102E","#006BB6","2024-25"
"351",19,"Detroit Pistons",1610612765,"0042400125",2025-04-29,"DET vs. NYK","Game 5","Wed Apr 30 15:23:26","New York Knicks",2025-04-19,1,"Round 1: DET vs. NYK, Game 5","#C8102E","#006BB6","2024-25"
"352",20,"Golden State Warriors",1610612744,"0042400151",2025-04-20,"GSW vs. HOU","Game 1","Wed Apr 30 15:23:26","Houston Rockets",2025-04-20,1,"Round 1: GSW vs. HOU, Game 1","#1D428A","#CE1141","2024-25"
"353",21,"Golden State Warriors",1610612744,"0042400152",2025-04-23,"GSW vs. HOU","Game 2","Wed Apr 30 15:23:26","Houston Rockets",2025-04-20,1,"Round 1: GSW vs. HOU, Game 2","#1D428A","#CE1141","2024-25"
"354",22,"Golden State Warriors",1610612744,"0042400153",2025-04-26,"GSW vs. HOU","Game 3","Wed Apr 30 15:23:26","Houston Rockets",2025-04-20,1,"Round 1: GSW vs. HOU, Game 3","#1D428A","#CE1141","2024-25"
"355",23,"Golden State Warriors",1610612744,"0042400154",2025-04-28,"GSW vs. HOU","Game 4","Wed Apr 30 15:23:26","Houston Rockets",2025-04-20,1,"Round 1: GSW vs. HOU, Game 4","#1D428A","#CE1141","2024-25"
"356",24,"Houston Rockets",1610612745,"0042400151",2025-04-20,"HOU vs. GSW","Game 1","Wed Apr 30 15:23:26","Golden State Warriors",2025-04-20,1,"Round 1: HOU vs. GSW, Game 1","#CE1141","#1D428A","2024-25"
"357",25,"Houston Rockets",1610612745,"0042400152",2025-04-23,"HOU vs. GSW","Game 2","Wed Apr 30 15:23:26","Golden State Warriors",2025-04-20,1,"Round 1: HOU vs. GSW, Game 2","#CE1141","#1D428A","2024-25"
"358",26,"Houston Rockets",1610612745,"0042400153",2025-04-26,"HOU vs. GSW","Game 3","Wed Apr 30 15:23:26","Golden State Warriors",2025-04-20,1,"Round 1: HOU vs. GSW, Game 3","#CE1141","#1D428A","2024-25"
"359",27,"Houston Rockets",1610612745,"0042400154",2025-04-28,"HOU vs. GSW","Game 4","Wed Apr 30 15:23:26","Golden State Warriors",2025-04-20,1,"Round 1: HOU vs. GSW, Game 4","#CE1141","#1D428A","2024-25"
"360",28,"Indiana Pacers",1610612754,"0042400131",2025-04-19,"IND vs. MIL","Game 1","Wed Apr 30 15:23:26","Milwaukee Bucks",2025-04-19,1,"Round 1: IND vs. MIL, Game 1","#002D62","#00471B","2024-25"
"361",29,"Indiana Pacers",1610612754,"0042400132",2025-04-22,"IND vs. MIL","Game 2","Wed Apr 30 15:23:26","Milwaukee Bucks",2025-04-19,1,"Round 1: IND vs. MIL, Game 2","#002D62","#00471B","2024-25"
"362",30,"Indiana Pacers",1610612754,"0042400133",2025-04-25,"IND vs. MIL","Game 3","Wed Apr 30 15:23:26","Milwaukee Bucks",2025-04-19,1,"Round 1: IND vs. MIL, Game 3","#002D62","#00471B","2024-25"
"363",31,"Indiana Pacers",1610612754,"0042400134",2025-04-27,"IND vs. MIL","Game 4","Wed Apr 30 15:23:26","Milwaukee Bucks",2025-04-19,1,"Round 1: IND vs. MIL, Game 4","#002D62","#00471B","2024-25"
"364",32,"Indiana Pacers",1610612754,"0042400135",2025-04-29,"IND vs. MIL","Game 5","Wed Apr 30 15:23:26","Milwaukee Bucks",2025-04-19,1,"Round 1: IND vs. MIL, Game 5","#002D62","#00471B","2024-25"
"365",33,"LA Clippers",1610612746,"0042400171",2025-04-19,"LAC vs. DEN","Game 1","Wed Apr 30 15:23:26","Denver Nuggets",2025-04-19,1,"Round 1: LAC vs. DEN, Game 1","#5D76A9","#0E2240","2024-25"
"366",34,"LA Clippers",1610612746,"0042400172",2025-04-21,"LAC vs. DEN","Game 2","Wed Apr 30 15:23:26","Denver Nuggets",2025-04-19,1,"Round 1: LAC vs. DEN, Game 2","#5D76A9","#0E2240","2024-25"
"367",35,"LA Clippers",1610612746,"0042400173",2025-04-24,"LAC vs. DEN","Game 3","Wed Apr 30 15:23:26","Denver Nuggets",2025-04-19,1,"Round 1: LAC vs. DEN, Game 3","#5D76A9","#0E2240","2024-25"
"368",36,"LA Clippers",1610612746,"0042400174",2025-04-26,"LAC vs. DEN","Game 4","Wed Apr 30 15:23:26","Denver Nuggets",2025-04-19,1,"Round 1: LAC vs. DEN, Game 4","#5D76A9","#0E2240","2024-25"
"369",37,"LA Clippers",1610612746,"0042400175",2025-04-29,"LAC vs. DEN","Game 5","Wed Apr 30 15:23:26","Denver Nuggets",2025-04-19,1,"Round 1: LAC vs. DEN, Game 5","#5D76A9","#0E2240","2024-25"
"370",38,"Los Angeles Lakers",1610612747,"0042400161",2025-04-19,"LAL vs. MIN","Game 1","Wed Apr 30 15:23:26","Minnesota Timberwolves",2025-04-19,1,"Round 1: LAL vs. MIN, Game 1","#552583","#236192","2024-25"
"371",39,"Los Angeles Lakers",1610612747,"0042400162",2025-04-22,"LAL vs. MIN","Game 2","Wed Apr 30 15:23:26","Minnesota Timberwolves",2025-04-19,1,"Round 1: LAL vs. MIN, Game 2","#552583","#236192","2024-25"
"372",40,"Los Angeles Lakers",1610612747,"0042400163",2025-04-25,"LAL vs. MIN","Game 3","Wed Apr 30 15:23:26","Minnesota Timberwolves",2025-04-19,1,"Round 1: LAL vs. MIN, Game 3","#552583","#236192","2024-25"
"373",41,"Los Angeles Lakers",1610612747,"0042400164",2025-04-27,"LAL vs. MIN","Game 4","Wed Apr 30 15:23:26","Minnesota Timberwolves",2025-04-19,1,"Round 1: LAL vs. MIN, Game 4","#552583","#236192","2024-25"
"374",42,"Memphis Grizzlies",1610612763,"0042400141",2025-04-20,"MEM vs. OKC","Game 1","Wed Apr 30 15:23:26","Oklahoma City Thunder",2025-04-20,1,"Round 1: MEM vs. OKC, Game 1","#5D76A9","#007AC1","2024-25"
"375",43,"Memphis Grizzlies",1610612763,"0042400142",2025-04-22,"MEM vs. OKC","Game 2","Wed Apr 30 15:23:26","Oklahoma City Thunder",2025-04-20,1,"Round 1: MEM vs. OKC, Game 2","#5D76A9","#007AC1","2024-25"
"376",44,"Memphis Grizzlies",1610612763,"0042400143",2025-04-24,"MEM vs. OKC","Game 3","Wed Apr 30 15:23:26","Oklahoma City Thunder",2025-04-20,1,"Round 1: MEM vs. OKC, Game 3","#5D76A9","#007AC1","2024-25"
"377",45,"Memphis Grizzlies",1610612763,"0042400144",2025-04-26,"MEM vs. OKC","Game 4","Wed Apr 30 15:23:26","Oklahoma City Thunder",2025-04-20,1,"Round 1: MEM vs. OKC, Game 4","#5D76A9","#007AC1","2024-25"
"378",46,"Miami Heat",1610612748,"0042400101",2025-04-20,"MIA vs. CLE","Game 1","Wed Apr 30 15:23:26","Cleveland Cavaliers",2025-04-20,1,"Round 1: MIA vs. CLE, Game 1","#98002E","#860038","2024-25"
"379",47,"Miami Heat",1610612748,"0042400102",2025-04-23,"MIA vs. CLE","Game 2","Wed Apr 30 15:23:26","Cleveland Cavaliers",2025-04-20,1,"Round 1: MIA vs. CLE, Game 2","#98002E","#860038","2024-25"
"380",48,"Miami Heat",1610612748,"0042400103",2025-04-26,"MIA vs. CLE","Game 3","Wed Apr 30 15:23:26","Cleveland Cavaliers",2025-04-20,1,"Round 1: MIA vs. CLE, Game 3","#98002E","#860038","2024-25"
"381",49,"Miami Heat",1610612748,"0042400104",2025-04-28,"MIA vs. CLE","Game 4","Wed Apr 30 15:23:26","Cleveland Cavaliers",2025-04-20,1,"Round 1: MIA vs. CLE, Game 4","#98002E","#860038","2024-25"
"382",50,"Milwaukee Bucks",1610612749,"0042400131",2025-04-19,"MIL vs. IND","Game 1","Wed Apr 30 15:23:26","Indiana Pacers",2025-04-19,1,"Round 1: MIL vs. IND, Game 1","#00471B","#002D62","2024-25"
"383",51,"Milwaukee Bucks",1610612749,"0042400132",2025-04-22,"MIL vs. IND","Game 2","Wed Apr 30 15:23:26","Indiana Pacers",2025-04-19,1,"Round 1: MIL vs. IND, Game 2","#00471B","#002D62","2024-25"
"384",52,"Milwaukee Bucks",1610612749,"0042400133",2025-04-25,"MIL vs. IND","Game 3","Wed Apr 30 15:23:26","Indiana Pacers",2025-04-19,1,"Round 1: MIL vs. IND, Game 3","#00471B","#002D62","2024-25"
"385",53,"Milwaukee Bucks",1610612749,"0042400134",2025-04-27,"MIL vs. IND","Game 4","Wed Apr 30 15:23:26","Indiana Pacers",2025-04-19,1,"Round 1: MIL vs. IND, Game 4","#00471B","#002D62","2024-25"
"386",54,"Milwaukee Bucks",1610612749,"0042400135",2025-04-29,"MIL vs. IND","Game 5","Wed Apr 30 15:23:26","Indiana Pacers",2025-04-19,1,"Round 1: MIL vs. IND, Game 5","#00471B","#002D62","2024-25"
"387",55,"Minnesota Timberwolves",1610612750,"0042400161",2025-04-19,"MIN vs. LAL","Game 1","Wed Apr 30 15:23:26","Los Angeles Lakers",2025-04-19,1,"Round 1: MIN vs. LAL, Game 1","#236192","#552583","2024-25"
"388",56,"Minnesota Timberwolves",1610612750,"0042400162",2025-04-22,"MIN vs. LAL","Game 2","Wed Apr 30 15:23:26","Los Angeles Lakers",2025-04-19,1,"Round 1: MIN vs. LAL, Game 2","#236192","#552583","2024-25"
"389",57,"Minnesota Timberwolves",1610612750,"0042400163",2025-04-25,"MIN vs. LAL","Game 3","Wed Apr 30 15:23:26","Los Angeles Lakers",2025-04-19,1,"Round 1: MIN vs. LAL, Game 3","#236192","#552583","2024-25"
"390",58,"Minnesota Timberwolves",1610612750,"0042400164",2025-04-27,"MIN vs. LAL","Game 4","Wed Apr 30 15:23:26","Los Angeles Lakers",2025-04-19,1,"Round 1: MIN vs. LAL, Game 4","#236192","#552583","2024-25"
"391",59,"New York Knicks",1610612752,"0042400121",2025-04-19,"NYK vs. DET","Game 1","Wed Apr 30 15:23:26","Detroit Pistons",2025-04-19,1,"Round 1: NYK vs. DET, Game 1","#006BB6","#C8102E","2024-25"
"392",60,"New York Knicks",1610612752,"0042400122",2025-04-21,"NYK vs. DET","Game 2","Wed Apr 30 15:23:26","Detroit Pistons",2025-04-19,1,"Round 1: NYK vs. DET, Game 2","#006BB6","#C8102E","2024-25"
"393",61,"New York Knicks",1610612752,"0042400123",2025-04-24,"NYK vs. DET","Game 3","Wed Apr 30 15:23:26","Detroit Pistons",2025-04-19,1,"Round 1: NYK vs. DET, Game 3","#006BB6","#C8102E","2024-25"
"394",62,"New York Knicks",1610612752,"0042400124",2025-04-27,"NYK vs. DET","Game 4","Wed Apr 30 15:23:26","Detroit Pistons",2025-04-19,1,"Round 1: NYK vs. DET, Game 4","#006BB6","#C8102E","2024-25"
"395",63,"New York Knicks",1610612752,"0042400125",2025-04-29,"NYK vs. DET","Game 5","Wed Apr 30 15:23:26","Detroit Pistons",2025-04-19,1,"Round 1: NYK vs. DET, Game 5","#006BB6","#C8102E","2024-25"
"396",64,"Oklahoma City Thunder",1610612760,"0042400141",2025-04-20,"OKC vs. MEM","Game 1","Wed Apr 30 15:23:26","Memphis Grizzlies",2025-04-20,1,"Round 1: OKC vs. MEM, Game 1","#007AC1","#5D76A9","2024-25"
"397",65,"Oklahoma City Thunder",1610612760,"0042400142",2025-04-22,"OKC vs. MEM","Game 2","Wed Apr 30 15:23:26","Memphis Grizzlies",2025-04-20,1,"Round 1: OKC vs. MEM, Game 2","#007AC1","#5D76A9","2024-25"
"398",66,"Oklahoma City Thunder",1610612760,"0042400143",2025-04-24,"OKC vs. MEM","Game 3","Wed Apr 30 15:23:26","Memphis Grizzlies",2025-04-20,1,"Round 1: OKC vs. MEM, Game 3","#007AC1","#5D76A9","2024-25"
"399",67,"Oklahoma City Thunder",1610612760,"0042400144",2025-04-26,"OKC vs. MEM","Game 4","Wed Apr 30 15:23:26","Memphis Grizzlies",2025-04-20,1,"Round 1: OKC vs. MEM, Game 4","#007AC1","#5D76A9","2024-25"
"400",68,"Orlando Magic",1610612753,"0042400111",2025-04-20,"ORL vs. BOS","Game 1","Wed Apr 30 15:23:26","Boston Celtics",2025-04-20,1,"Round 1: ORL vs. BOS, Game 1","#0077C0","#007A33","2024-25"
"401",69,"Orlando Magic",1610612753,"0042400112",2025-04-23,"ORL vs. BOS","Game 2","Wed Apr 30 15:23:26","Boston Celtics",2025-04-20,1,"Round 1: ORL vs. BOS, Game 2","#0077C0","#007A33","2024-25"
"402",70,"Orlando Magic",1610612753,"0042400113",2025-04-25,"ORL vs. BOS","Game 3","Wed Apr 30 15:23:26","Boston Celtics",2025-04-20,1,"Round 1: ORL vs. BOS, Game 3","#0077C0","#007A33","2024-25"
"403",71,"Orlando Magic",1610612753,"0042400114",2025-04-27,"ORL vs. BOS","Game 4","Wed Apr 30 15:23:26","Boston Celtics",2025-04-20,1,"Round 1: ORL vs. BOS, Game 4","#0077C0","#007A33","2024-25"
"404",72,"Orlando Magic",1610612753,"0042400115",2025-04-29,"ORL vs. BOS","Game 5","Wed Apr 30 15:23:26","Boston Celtics",2025-04-20,1,"Round 1: ORL vs. BOS, Game 5","#0077C0","#007A33","2024-25"
